-- MySQL dump 10.13  Distrib 8.0.34, for Win64 (x86_64)
--
-- Host: localhost    Database: campus
-- ------------------------------------------------------
-- Server version	8.0.34

/*!40101 SET @OLD_CHARACTER_SET_CLIENT=@@CHARACTER_SET_CLIENT */;
/*!40101 SET @OLD_CHARACTER_SET_RESULTS=@@CHARACTER_SET_RESULTS */;
/*!40101 SET @OLD_COLLATION_CONNECTION=@@COLLATION_CONNECTION */;
/*!50503 SET NAMES utf8mb4 */;
/*!40103 SET @OLD_TIME_ZONE=@@TIME_ZONE */;
/*!40103 SET TIME_ZONE='+00:00' */;
/*!40014 SET @OLD_UNIQUE_CHECKS=@@UNIQUE_CHECKS, UNIQUE_CHECKS=0 */;
/*!40014 SET @OLD_FOREIGN_KEY_CHECKS=@@FOREIGN_KEY_CHECKS, FOREIGN_KEY_CHECKS=0 */;
/*!40101 SET @OLD_SQL_MODE=@@SQL_MODE, SQL_MODE='NO_AUTO_VALUE_ON_ZERO' */;
/*!40111 SET @OLD_SQL_NOTES=@@SQL_NOTES, SQL_NOTES=0 */;

--
-- Table structure for table `tb_activity`
--

DROP TABLE IF EXISTS `tb_activity`;
/*!40101 SET @saved_cs_client     = @@character_set_client */;
/*!50503 SET character_set_client = utf8mb4 */;
CREATE TABLE `tb_activity` (
  `id` bigint unsigned NOT NULL AUTO_INCREMENT COMMENT '主键',
  `creator_id` bigint unsigned NOT NULL COMMENT '创建人用户ID',
  `organizer_name` varchar(128) NOT NULL COMMENT '主办方名称',
  `title` varchar(255) NOT NULL COMMENT '活动标题',
  `cover_image` varchar(1024) DEFAULT NULL COMMENT '封面图',
  `images` varchar(4096) DEFAULT NULL COMMENT '活动图片，多个以逗号分隔',
  `summary` varchar(512) DEFAULT NULL COMMENT '活动摘要',
  `content` text COMMENT '活动详情',
  `category` varchar(64) NOT NULL COMMENT '活动分类',
  `location` varchar(255) NOT NULL COMMENT '活动地点',
  `max_participants` int NOT NULL COMMENT '报名人数上限',
  `registered_count` int NOT NULL DEFAULT '0' COMMENT '已报名人数',
  `registration_start_time` datetime NOT NULL COMMENT '报名开始时间',
  `registration_end_time` datetime NOT NULL COMMENT '报名结束时间',
  `event_start_time` datetime NOT NULL COMMENT '活动开始时间',
  `event_end_time` datetime NOT NULL COMMENT '活动结束时间',
  `check_in_enabled` tinyint(1) NOT NULL DEFAULT '0' COMMENT '是否启用签到',
  `check_in_code` varchar(64) DEFAULT NULL COMMENT '签到码',
  `check_in_code_expire_time` datetime DEFAULT NULL COMMENT '签到码过期时间',
  `status` tinyint(1) NOT NULL DEFAULT '2' COMMENT '状态：1草稿，2已发布，3已结束',
  `create_time` timestamp NOT NULL DEFAULT CURRENT_TIMESTAMP COMMENT '创建时间',
  `update_time` timestamp NOT NULL DEFAULT CURRENT_TIMESTAMP ON UPDATE CURRENT_TIMESTAMP COMMENT '更新时间',
  PRIMARY KEY (`id`),
  KEY `idx_activity_creator` (`creator_id`),
  KEY `idx_activity_category` (`category`),
  KEY `idx_activity_event_start` (`event_start_time`)
) ENGINE=InnoDB AUTO_INCREMENT=4 DEFAULT CHARSET=utf8mb4 COLLATE=utf8mb4_0900_ai_ci COMMENT='活动表';
/*!40101 SET character_set_client = @saved_cs_client */;

--
-- Dumping data for table `tb_activity`
--

LOCK TABLES `tb_activity` WRITE;
/*!40000 ALTER TABLE `tb_activity` DISABLE KEYS */;
INSERT INTO `tb_activity` VALUES (1,1,'西电校园活动中心','2026 春季校园创客开放日','https://images.unsplash.com/photo-1511578314322-379afb476865?auto=format&fit=crop&w=1200&q=80','https://images.unsplash.com/photo-1511578314322-379afb476865?auto=format&fit=crop&w=1200&q=80','面向全校开放的创客体验日，包含项目展示、社团互动与报名咨询。','欢迎各学院同学参与创客开放日，现场可体验社团作品、了解大型活动组织流程，并领取后续活动报名指引。','开放日','大学生活动中心一楼大厅',200,0,'2026-04-18 09:00:00','2026-04-27 18:00:00','2026-04-28 14:00:00','2026-04-28 18:00:00',0,NULL,NULL,2,'2026-04-21 08:08:04','2026-04-22 11:06:08'),(2,1,'就业与实践服务站','大型招聘会志愿者招募','https://images.unsplash.com/photo-1519389950473-47ba0277781c?auto=format&fit=crop&w=1200&q=80','https://images.unsplash.com/photo-1519389950473-47ba0277781c?auto=format&fit=crop&w=1200&q=80','面向校园大型招聘会招募现场志愿者，支持报名与现场签到。','志愿者将协助签到引导、秩序维护和咨询答疑，适合希望参与大型活动组织的同学报名。','志愿服务','南校区体育馆',80,0,'2026-04-20 08:00:00','2026-04-25 20:00:00','2026-04-30 08:30:00','2026-04-30 18:00:00',1,NULL,NULL,2,'2026-04-21 08:08:04','2026-04-22 11:01:15'),(3,1010,'西安电子科技大学','院士讲座','https://xud-campus.oss-cn-beijing.aliyuncs.com/activities/1010/20260421/aa9cee4b76b043e3aeb24dd4ae248c04.jpg','https://xud-campus.oss-cn-beijing.aliyuncs.com/activities/1010/20260421/aa9cee4b76b043e3aeb24dd4ae248c04.jpg,https://xud-campus.oss-cn-beijing.aliyuncs.com/activities/1010/20260421/2027165337e14eb5bd2119188bf452b5.jpg','能拿学分','','讲座','杭研院A10',100,1,'2026-04-19 19:28:00','2026-04-21 19:28:00','2026-04-21 19:28:00','2026-05-24 19:28:00',1,'432261','2026-04-21 22:29:23',2,'2026-04-21 11:29:18','2026-04-22 10:16:22');
/*!40000 ALTER TABLE `tb_activity` ENABLE KEYS */;
UNLOCK TABLES;

--
-- Table structure for table `tb_activity_check_in_record`
--

DROP TABLE IF EXISTS `tb_activity_check_in_record`;
/*!40101 SET @saved_cs_client     = @@character_set_client */;
/*!50503 SET character_set_client = utf8mb4 */;
CREATE TABLE `tb_activity_check_in_record` (
  `id` bigint unsigned NOT NULL COMMENT '主键',
  `activity_id` bigint unsigned NOT NULL COMMENT '活动ID',
  `voucher_id` bigint unsigned DEFAULT NULL COMMENT '凭证ID',
  `user_id` bigint unsigned DEFAULT NULL COMMENT '报名用户ID',
  `operator_id` bigint unsigned NOT NULL COMMENT '核销操作人ID',
  `result_status` varchar(64) NOT NULL COMMENT '核销结果',
  `request_key` varchar(128) DEFAULT NULL COMMENT '幂等请求Key',
  `request_fingerprint` varchar(128) DEFAULT NULL COMMENT '请求指纹',
  `response_body` varchar(2048) DEFAULT NULL COMMENT '响应摘要',
  `create_time` timestamp NOT NULL DEFAULT CURRENT_TIMESTAMP COMMENT '创建时间',
  `update_time` timestamp NOT NULL DEFAULT CURRENT_TIMESTAMP ON UPDATE CURRENT_TIMESTAMP COMMENT '更新时间',
  PRIMARY KEY (`id`),
  KEY `idx_check_in_record_activity` (`activity_id`),
  KEY `idx_check_in_record_voucher` (`voucher_id`)
) ENGINE=InnoDB DEFAULT CHARSET=utf8mb4 COLLATE=utf8mb4_0900_ai_ci COMMENT='活动签到核销记录表';
/*!40101 SET character_set_client = @saved_cs_client */;

--
-- Dumping data for table `tb_activity_check_in_record`
--

LOCK TABLES `tb_activity_check_in_record` WRITE;
/*!40000 ALTER TABLE `tb_activity_check_in_record` DISABLE KEYS */;
INSERT INTO `tb_activity_check_in_record` VALUES (583628460014960641,3,583628425655222273,1012,1010,'OUT_OF_WINDOW','checkin-1776852990053-ztqqjefb','eee1a0c8b26e5414040fec5bffb5f7dc','{\"errorMsg\":\"未到签到时间窗口\",\"success\":false}','2026-04-22 10:16:30','2026-04-22 10:16:30'),(583628481489797122,3,583628425655222273,1012,1010,'OUT_OF_WINDOW','checkin-1776852995052-iqbaylfd','eee1a0c8b26e5414040fec5bffb5f7dc','{\"errorMsg\":\"未到签到时间窗口\",\"success\":false}','2026-04-22 10:16:35','2026-04-22 10:16:35'),(583628481489797123,3,583628425655222273,1012,1010,'OUT_OF_WINDOW','checkin-1776852995737-yljejtn1','eee1a0c8b26e5414040fec5bffb5f7dc','{\"errorMsg\":\"未到签到时间窗口\",\"success\":false}','2026-04-22 10:16:35','2026-04-22 10:16:35'),(583628644698554372,3,583628425655222273,1012,1010,'OUT_OF_WINDOW','checkin-1776853033321-r561ajp6','eee1a0c8b26e5414040fec5bffb5f7dc','{\"errorMsg\":\"未到签到时间窗口\",\"success\":false}','2026-04-22 10:17:13','2026-04-22 10:17:13'),(583628648993521669,3,583628425655222273,1012,1010,'OUT_OF_WINDOW','checkin-1776853034410-26qdj2rg','eee1a0c8b26e5414040fec5bffb5f7dc','{\"errorMsg\":\"未到签到时间窗口\",\"success\":false}','2026-04-22 10:17:14','2026-04-22 10:17:14'),(583628713418031110,3,583628425655222273,1012,1010,'OUT_OF_WINDOW','checkin-1776853049404-h614xob1','eee1a0c8b26e5414040fec5bffb5f7dc','{\"errorMsg\":\"未到签到时间窗口\",\"success\":false}','2026-04-22 10:17:29','2026-04-22 10:17:29'),(583628717712998407,3,583628425655222273,1012,1010,'OUT_OF_WINDOW','checkin-1776853050316-fjusksmy','eee1a0c8b26e5414040fec5bffb5f7dc','{\"errorMsg\":\"未到签到时间窗口\",\"success\":false}','2026-04-22 10:17:30','2026-04-22 10:17:30'),(583628717712998408,3,583628425655222273,1012,1010,'OUT_OF_WINDOW','checkin-1776853050694-5alifukr','eee1a0c8b26e5414040fec5bffb5f7dc','{\"errorMsg\":\"未到签到时间窗口\",\"success\":false}','2026-04-22 10:17:30','2026-04-22 10:17:30'),(583628717712998409,3,583628425655222273,1012,1010,'OUT_OF_WINDOW','checkin-1776853050880-odlizmx6','eee1a0c8b26e5414040fec5bffb5f7dc','{\"errorMsg\":\"未到签到时间窗口\",\"success\":false}','2026-04-22 10:17:30','2026-04-22 10:17:30'),(583628722007965706,3,583628425655222273,1012,1010,'OUT_OF_WINDOW','checkin-1776853051040-5g0j213l','eee1a0c8b26e5414040fec5bffb5f7dc','{\"errorMsg\":\"未到签到时间窗口\",\"success\":false}','2026-04-22 10:17:31','2026-04-22 10:17:31'),(583628722007965707,3,583628425655222273,1012,1010,'OUT_OF_WINDOW','checkin-1776853051192-mygba56q','eee1a0c8b26e5414040fec5bffb5f7dc','{\"errorMsg\":\"未到签到时间窗口\",\"success\":false}','2026-04-22 10:17:31','2026-04-22 10:17:31'),(583628795022409740,3,583628425655222273,1012,1010,'OUT_OF_WINDOW','checkin-1776853068550-imkksm0e','eee1a0c8b26e5414040fec5bffb5f7dc','{\"errorMsg\":\"未到签到时间窗口\",\"success\":false}','2026-04-22 10:17:48','2026-04-22 10:17:48'),(583628885216722957,3,583628425655222273,1012,1010,'OUT_OF_WINDOW','checkin-1776853089787-e4h0suqj','eee1a0c8b26e5414040fec5bffb5f7dc','{\"errorMsg\":\"未到签到时间窗口\",\"success\":false}','2026-04-22 10:18:09','2026-04-22 10:18:09'),(583628906691559438,3,583628425655222273,1012,1010,'OUT_OF_WINDOW','checkin-1776853094711-kyth108q','eee1a0c8b26e5414040fec5bffb5f7dc','{\"errorMsg\":\"未到签到时间窗口\",\"success\":false}','2026-04-22 10:18:14','2026-04-22 10:18:14'),(583629142914760719,3,583628425655222273,1012,1010,'SUCCESS','checkin-1776853149053-73mv7z98','eee1a0c8b26e5414040fec5bffb5f7dc','{\"data\":{\"checkedInTime\":1776853149000,\"displayCode\":\"4EPC4S4J\",\"message\":\"签到成功\",\"userId\":1012,\"resultStatus\":\"SUCCESS\",\"checkedInBy\":1010,\"activityId\":3,\"voucherStatus\":\"CHECKED_IN\",\"voucherId\":583628425655222273},\"success\":true}','2026-04-22 10:19:09','2026-04-22 10:19:09'),(583629413497700368,3,583628425655222273,1012,1010,'ALREADY_CHECKED_IN','checkin-1776853212210-8kesqg7g','eee1a0c8b26e5414040fec5bffb5f7dc','{\"data\":{\"checkedInTime\":1776853149000,\"displayCode\":\"4EPC4S4J\",\"message\":\"该凭证已签到\",\"userId\":1012,\"resultStatus\":\"ALREADY_CHECKED_IN\",\"checkedInBy\":1010,\"activityId\":3,\"voucherStatus\":\"CHECKED_IN\",\"voucherId\":583628425655222273,\"userNickName\":\"user_rs17ymg11f\"},\"success\":true}','2026-04-22 10:20:12','2026-04-22 10:20:12'),(583629430677569553,3,583628425655222273,1012,1010,'ALREADY_CHECKED_IN','checkin-1776853216333-m5phy498','eee1a0c8b26e5414040fec5bffb5f7dc','{\"data\":{\"checkedInTime\":1776853149000,\"displayCode\":\"4EPC4S4J\",\"message\":\"该凭证已签到\",\"userId\":1012,\"resultStatus\":\"ALREADY_CHECKED_IN\",\"checkedInBy\":1010,\"activityId\":3,\"voucherStatus\":\"CHECKED_IN\",\"voucherId\":583628425655222273,\"userNickName\":\"user_rs17ymg11f\"},\"success\":true}','2026-04-22 10:20:16','2026-04-22 10:20:16');
/*!40000 ALTER TABLE `tb_activity_check_in_record` ENABLE KEYS */;
UNLOCK TABLES;

--
-- Table structure for table `tb_activity_registration`
--

DROP TABLE IF EXISTS `tb_activity_registration`;
/*!40101 SET @saved_cs_client     = @@character_set_client */;
/*!50503 SET character_set_client = utf8mb4 */;
CREATE TABLE `tb_activity_registration` (
  `id` bigint unsigned NOT NULL AUTO_INCREMENT COMMENT '主键',
  `activity_id` bigint unsigned NOT NULL COMMENT '活动ID',
  `user_id` bigint unsigned NOT NULL COMMENT '用户ID',
  `status` tinyint(1) NOT NULL DEFAULT '0' COMMENT '报名状态：0待确认，1成功，2失败，3已取消',
  `request_id` varchar(64) DEFAULT NULL COMMENT '报名请求ID',
  `fail_reason` varchar(255) DEFAULT NULL COMMENT '失败原因',
  `voucher_id` bigint unsigned DEFAULT NULL COMMENT '签到凭证ID',
  `check_in_status` tinyint(1) NOT NULL DEFAULT '0' COMMENT '签到状态：0未签到，1已签到',
  `check_in_time` datetime DEFAULT NULL COMMENT '签到时间',
  `confirm_time` datetime DEFAULT NULL COMMENT '最终确认时间',
  `create_time` timestamp NOT NULL DEFAULT CURRENT_TIMESTAMP COMMENT '创建时间',
  `update_time` timestamp NOT NULL DEFAULT CURRENT_TIMESTAMP ON UPDATE CURRENT_TIMESTAMP COMMENT '更新时间',
  PRIMARY KEY (`id`),
  UNIQUE KEY `uk_activity_user` (`activity_id`,`user_id`),
  KEY `idx_registration_user` (`user_id`),
  KEY `idx_registration_voucher` (`voucher_id`)
) ENGINE=InnoDB AUTO_INCREMENT=5 DEFAULT CHARSET=utf8mb4 COLLATE=utf8mb4_0900_ai_ci COMMENT='活动报名表';
/*!40101 SET character_set_client = @saved_cs_client */;

--
-- Dumping data for table `tb_activity_registration`
--

LOCK TABLES `tb_activity_registration` WRITE;
/*!40000 ALTER TABLE `tb_activity_registration` DISABLE KEYS */;
INSERT INTO `tb_activity_registration` VALUES (2,3,1012,1,NULL,NULL,583628425655222273,1,'2026-04-22 18:19:09',NULL,'2026-04-22 10:16:22','2026-04-22 10:19:09');
/*!40000 ALTER TABLE `tb_activity_registration` ENABLE KEYS */;
UNLOCK TABLES;

--
-- Table structure for table `tb_activity_voucher`
--

DROP TABLE IF EXISTS `tb_activity_voucher`;
/*!40101 SET @saved_cs_client     = @@character_set_client */;
/*!50503 SET character_set_client = utf8mb4 */;
CREATE TABLE `tb_activity_voucher` (
  `id` bigint unsigned NOT NULL COMMENT '凭证ID',
  `display_code` varchar(32) NOT NULL COMMENT '展示码',
  `activity_id` bigint unsigned NOT NULL COMMENT '活动ID',
  `registration_id` bigint unsigned NOT NULL COMMENT '报名记录ID',
  `user_id` bigint unsigned NOT NULL COMMENT '报名用户ID',
  `status` varchar(32) NOT NULL DEFAULT 'UNUSED' COMMENT '凭证状态：UNUSED/CHECKED_IN/CANCELED/EXPIRED',
  `issued_time` datetime NOT NULL COMMENT '签发时间',
  `checked_in_time` datetime DEFAULT NULL COMMENT '核销签到时间',
  `checked_in_by` bigint unsigned DEFAULT NULL COMMENT '核销操作人ID',
  `create_time` timestamp NOT NULL DEFAULT CURRENT_TIMESTAMP COMMENT '创建时间',
  `update_time` timestamp NOT NULL DEFAULT CURRENT_TIMESTAMP ON UPDATE CURRENT_TIMESTAMP COMMENT '更新时间',
  PRIMARY KEY (`id`),
  UNIQUE KEY `uk_voucher_display_code` (`display_code`),
  UNIQUE KEY `uk_voucher_registration` (`registration_id`),
  KEY `idx_voucher_activity_user` (`activity_id`,`user_id`),
  KEY `idx_voucher_status` (`status`)
) ENGINE=InnoDB DEFAULT CHARSET=utf8mb4 COLLATE=utf8mb4_0900_ai_ci COMMENT='活动签到凭证表';
/*!40101 SET character_set_client = @saved_cs_client */;

--
-- Dumping data for table `tb_activity_voucher`
--

LOCK TABLES `tb_activity_voucher` WRITE;
/*!40000 ALTER TABLE `tb_activity_voucher` DISABLE KEYS */;
INSERT INTO `tb_activity_voucher` VALUES (583628425655222273,'4EPC4S4J',3,2,1012,'CHECKED_IN','2026-04-22 18:16:23','2026-04-22 18:19:09',1010,'2026-04-22 10:16:22','2026-04-22 10:19:09');
/*!40000 ALTER TABLE `tb_activity_voucher` ENABLE KEYS */;
UNLOCK TABLES;

--
-- Table structure for table `tb_blog`
--

DROP TABLE IF EXISTS `tb_blog`;
/*!40101 SET @saved_cs_client     = @@character_set_client */;
/*!50503 SET character_set_client = utf8mb4 */;
CREATE TABLE `tb_blog` (
  `id` bigint unsigned NOT NULL AUTO_INCREMENT COMMENT '主键',
  `shop_id` bigint NOT NULL COMMENT '商户id',
  `user_id` bigint unsigned NOT NULL COMMENT '用户id',
  `title` varchar(255) CHARACTER SET utf8mb4 COLLATE utf8mb4_unicode_ci NOT NULL COMMENT '标题',
  `images` varchar(2048) CHARACTER SET utf8mb4 COLLATE utf8mb4_general_ci NOT NULL COMMENT '探店的照片，最多9张，多张以","隔开',
  `content` varchar(2048) CHARACTER SET utf8mb4 COLLATE utf8mb4_unicode_ci NOT NULL COMMENT '探店的文字描述',
  `liked` int unsigned DEFAULT '0' COMMENT '点赞数量',
  `comments` int unsigned DEFAULT NULL COMMENT '评论数量',
  `create_time` timestamp NOT NULL DEFAULT CURRENT_TIMESTAMP COMMENT '创建时间',
  `update_time` timestamp NOT NULL DEFAULT CURRENT_TIMESTAMP ON UPDATE CURRENT_TIMESTAMP COMMENT '更新时间',
  PRIMARY KEY (`id`) USING BTREE
) ENGINE=InnoDB AUTO_INCREMENT=23 DEFAULT CHARSET=utf8mb4 COLLATE=utf8mb4_general_ci ROW_FORMAT=COMPACT;
/*!40101 SET character_set_client = @saved_cs_client */;

--
-- Dumping data for table `tb_blog`
--

LOCK TABLES `tb_blog` WRITE;
/*!40000 ALTER TABLE `tb_blog` DISABLE KEYS */;
INSERT INTO `tb_blog` VALUES (4,4,2,'无尽浪漫的夜晚丨在万花丛中摇晃着红酒杯🍷品战斧牛排🥩','/imgs/blogs/7/14/4771fefb-1a87-4252-816c-9f7ec41ffa4a.jpg,/imgs/blogs/4/10/2f07e3c9-ddce-482d-9ea7-c21450f8d7cd.jpg,/imgs/blogs/2/6/b0756279-65da-4f2d-b62a-33f74b06454a.jpg,/imgs/blogs/10/7/7e97f47d-eb49-4dc9-a583-95faa7aed287.jpg,/imgs/blogs/1/2/4a7b496b-2a08-4af7-aa95-df2c3bd0ef97.jpg,/imgs/blogs/14/3/52b290eb-8b5d-403b-8373-ba0bb856d18e.jpg','生活就是一半烟火·一半诗意<br/>手执烟火谋生活·心怀诗意以谋爱·<br/>当然<br/>\r\n男朋友给不了的浪漫要学会自己给🍒<br/>\n无法重来的一生·尽量快乐.<br/><br/>🏰「小筑里·神秘浪漫花园餐厅」🏰<br/><br/>\n💯这是一家最最最美花园的西餐厅·到处都是花餐桌上是花前台是花  美好无处不在\n品一口葡萄酒，维亚红酒马瑟兰·微醺上头工作的疲惫消失无际·生如此多娇🍃<br/><br/>📍地址:延安路200号(家乐福面)<br/><br/>🚌交通:地铁①号线定安路B口出右转过下通道右转就到啦～<br/><br/>--------------🥣菜品详情🥣---------------<br/><br/>「战斧牛排]<br/>\n超大一块战斧牛排经过火焰的炙烤发出阵阵香，外焦里嫩让人垂涎欲滴，切开牛排的那一刻，牛排的汁水顺势流了出来，分熟的牛排肉质软，简直细嫩到犯规，一刻都等不了要放入嘴里咀嚼～<br/><br/>「奶油培根意面」<br/>太太太好吃了💯<br/>我真的无法形容它的美妙，意面混合奶油香菇的香味真的太太太香了，我真的舔盘了，一丁点美味都不想浪费‼️<br/><br/><br/>「香菜汁烤鲈鱼」<br/>这个酱是辣的 真的绝好吃‼️<br/>鲈鱼本身就很嫩没什么刺，烤过之后外皮酥酥的，鱼肉蘸上酱料根本停不下来啊啊啊啊<br/>能吃辣椒的小伙伴一定要尝尝<br/><br/>非常可 好吃子🍽\n<br/>--------------🍃个人感受🍃---------------<br/><br/>【👩🏻‍🍳服务】<br/>小姐姐特别耐心的给我们介绍彩票 <br/>推荐特色菜品，拍照需要帮忙也是尽心尽力配合，太爱他们了<br/><br/>【🍃环境】<br/>比较有格调的西餐厅 整个餐厅的布局可称得上的万花丛生 有种在人间仙境的感觉🌸<br/>集美食美酒与鲜花为一体的风格店铺 令人向往<br/>烟火皆是生活 人间皆是浪漫<br/>',1,104,'2021-12-28 11:50:01','2022-03-10 06:26:34'),(5,1,2,'人均30💰杭州这家港式茶餐厅我疯狂打call‼️','/imgs/blogs/4/7/863cc302-d150-420d-a596-b16e9232a1a6.jpg,/imgs/blogs/11/12/8b37d208-9414-4e78-b065-9199647bb3e3.jpg,/imgs/blogs/4/1/fa74a6d6-3026-4cb7-b0b6-35abb1e52d11.jpg,/imgs/blogs/9/12/ac2ce2fb-0605-4f14-82cc-c962b8c86688.jpg,/imgs/blogs/4/0/26a7cd7e-6320-432c-a0b4-1b7418f45ec7.jpg,/imgs/blogs/15/9/cea51d9b-ac15-49f6-b9f1-9cf81e9b9c85.jpg','又吃到一家好吃的茶餐厅🍴环境是怀旧tvb港风📺边吃边拍照片📷几十种菜品均价都在20+💰可以是很平价了！<br>·<br>店名：九记冰厅(远洋店)<br>地址：杭州市丽水路远洋乐堤港负一楼（溜冰场旁边）<br>·<br>✔️黯然销魂饭（38💰）<br>这碗饭我吹爆！米饭上盖满了甜甜的叉烧 还有两颗溏心蛋🍳每一粒米饭都裹着浓郁的酱汁 光盘了<br>·<br>✔️铜锣湾漏奶华（28💰）<br>黄油吐司烤的脆脆的 上面洒满了可可粉🍫一刀切开 奶盖流心像瀑布一样流出来  满足<br>·<br>✔️神仙一口西多士士（16💰）<br>简简单单却超级好吃！西多士烤的很脆 黄油味浓郁 面包体超级柔软 上面淋了炼乳<br>·<br>✔️怀旧五柳炸蛋饭（28💰）<br>四个鸡蛋炸成蓬松的炸蛋！也太好吃了吧！还有大块鸡排 上淋了酸甜的酱汁 太合我胃口了！！<br>·<br>✔️烧味双拼例牌（66💰）<br>选了烧鹅➕叉烧 他家烧腊品质真的惊艳到我！据说是每日广州发货 到店现烧现卖的黑棕鹅 每口都是正宗的味道！肉质很嫩 皮超级超级酥脆！一口爆油！叉烧肉也一点都不柴 甜甜的很入味 搭配梅子酱很解腻 ！<br>·<br>✔️红烧脆皮乳鸽（18.8💰）<br>乳鸽很大只 这个价格也太划算了吧， 肉质很有嚼劲 脆皮很酥 越吃越香～<br>·<br>✔️大满足小吃拼盘（25💰）<br>翅尖➕咖喱鱼蛋➕蝴蝶虾➕盐酥鸡<br>zui喜欢里面的咖喱鱼！咖喱酱香甜浓郁！鱼蛋很q弹～<br>·<br>✔️港式熊仔丝袜奶茶（19💰）<br>小熊🐻造型的奶茶冰也太可爱了！颜值担当 很地道的丝袜奶茶 茶味特别浓郁～<br>·',1,0,'2021-12-28 12:57:49','2022-03-10 01:21:39'),(6,10,1,'杭州周末好去处｜💰50就可以骑马啦🐎','/imgs/blogs/blog1.jpg','杭州周末好去处｜💰50就可以骑马啦🐎',1,0,'2022-01-11 08:05:47','2022-03-10 01:21:41'),(7,10,1,'杭州周末好去处｜💰50就可以骑马啦🐎','/imgs/blogs/blog1.jpg','杭州周末好去处｜💰50就可以骑马啦🐎',1,0,'2022-01-11 08:05:47','2022-03-10 01:21:42');
/*!40000 ALTER TABLE `tb_blog` ENABLE KEYS */;
UNLOCK TABLES;

--
-- Table structure for table `tb_blog_comments`
--

DROP TABLE IF EXISTS `tb_blog_comments`;
/*!40101 SET @saved_cs_client     = @@character_set_client */;
/*!50503 SET character_set_client = utf8mb4 */;
CREATE TABLE `tb_blog_comments` (
  `id` bigint unsigned NOT NULL AUTO_INCREMENT COMMENT '主键',
  `user_id` bigint unsigned NOT NULL COMMENT '用户id',
  `blog_id` bigint unsigned NOT NULL COMMENT '探店id',
  `parent_id` bigint unsigned NOT NULL COMMENT '关联的1级评论id，如果是一级评论，则值为0',
  `answer_id` bigint unsigned NOT NULL COMMENT '回复的评论id',
  `content` varchar(255) CHARACTER SET utf8mb4 COLLATE utf8mb4_general_ci NOT NULL COMMENT '回复的内容',
  `liked` int unsigned DEFAULT NULL COMMENT '点赞数',
  `status` tinyint unsigned DEFAULT NULL COMMENT '状态，0：正常，1：被举报，2：禁止查看',
  `create_time` timestamp NOT NULL DEFAULT CURRENT_TIMESTAMP COMMENT '创建时间',
  `update_time` timestamp NOT NULL DEFAULT CURRENT_TIMESTAMP ON UPDATE CURRENT_TIMESTAMP COMMENT '更新时间',
  PRIMARY KEY (`id`) USING BTREE
) ENGINE=InnoDB DEFAULT CHARSET=utf8mb4 COLLATE=utf8mb4_general_ci ROW_FORMAT=COMPACT;
/*!40101 SET character_set_client = @saved_cs_client */;

--
-- Dumping data for table `tb_blog_comments`
--

LOCK TABLES `tb_blog_comments` WRITE;
/*!40000 ALTER TABLE `tb_blog_comments` DISABLE KEYS */;
/*!40000 ALTER TABLE `tb_blog_comments` ENABLE KEYS */;
UNLOCK TABLES;

--
-- Table structure for table `tb_follow`
--

DROP TABLE IF EXISTS `tb_follow`;
/*!40101 SET @saved_cs_client     = @@character_set_client */;
/*!50503 SET character_set_client = utf8mb4 */;
CREATE TABLE `tb_follow` (
  `id` bigint NOT NULL AUTO_INCREMENT COMMENT '主键',
  `user_id` bigint unsigned NOT NULL COMMENT '用户id',
  `follow_user_id` bigint unsigned NOT NULL COMMENT '关联的用户id',
  `create_time` timestamp NOT NULL DEFAULT CURRENT_TIMESTAMP COMMENT '创建时间',
  PRIMARY KEY (`id`) USING BTREE
) ENGINE=InnoDB DEFAULT CHARSET=utf8mb4 COLLATE=utf8mb4_general_ci ROW_FORMAT=COMPACT;
/*!40101 SET character_set_client = @saved_cs_client */;

--
-- Dumping data for table `tb_follow`
--

LOCK TABLES `tb_follow` WRITE;
/*!40000 ALTER TABLE `tb_follow` DISABLE KEYS */;
/*!40000 ALTER TABLE `tb_follow` ENABLE KEYS */;
UNLOCK TABLES;

--
-- Table structure for table `tb_seckill_voucher`
--

DROP TABLE IF EXISTS `tb_seckill_voucher`;
/*!40101 SET @saved_cs_client     = @@character_set_client */;
/*!50503 SET character_set_client = utf8mb4 */;
CREATE TABLE `tb_seckill_voucher` (
  `voucher_id` bigint unsigned NOT NULL COMMENT '关联的优惠券的id',
  `stock` int NOT NULL COMMENT '库存',
  `create_time` timestamp NOT NULL DEFAULT CURRENT_TIMESTAMP COMMENT '创建时间',
  `begin_time` timestamp NOT NULL DEFAULT CURRENT_TIMESTAMP COMMENT '生效时间',
  `end_time` timestamp NOT NULL DEFAULT CURRENT_TIMESTAMP COMMENT '失效时间',
  `update_time` timestamp NOT NULL DEFAULT CURRENT_TIMESTAMP ON UPDATE CURRENT_TIMESTAMP COMMENT '更新时间',
  PRIMARY KEY (`voucher_id`) USING BTREE
) ENGINE=InnoDB DEFAULT CHARSET=utf8mb4 COLLATE=utf8mb4_general_ci ROW_FORMAT=COMPACT COMMENT='秒杀优惠券表，与优惠券是一对一关系';
/*!40101 SET character_set_client = @saved_cs_client */;

--
-- Dumping data for table `tb_seckill_voucher`
--

LOCK TABLES `tb_seckill_voucher` WRITE;
/*!40000 ALTER TABLE `tb_seckill_voucher` DISABLE KEYS */;
/*!40000 ALTER TABLE `tb_seckill_voucher` ENABLE KEYS */;
UNLOCK TABLES;

--
-- Table structure for table `tb_shop`
--

DROP TABLE IF EXISTS `tb_shop`;
/*!40101 SET @saved_cs_client     = @@character_set_client */;
/*!50503 SET character_set_client = utf8mb4 */;
CREATE TABLE `tb_shop` (
  `id` bigint unsigned NOT NULL AUTO_INCREMENT COMMENT '主键',
  `name` varchar(128) CHARACTER SET utf8mb4 COLLATE utf8mb4_general_ci NOT NULL COMMENT '商铺名称',
  `type_id` bigint unsigned NOT NULL COMMENT '商铺类型的id',
  `images` varchar(1024) CHARACTER SET utf8mb4 COLLATE utf8mb4_general_ci NOT NULL COMMENT '商铺图片，多个图片以'',''隔开',
  `area` varchar(128) CHARACTER SET utf8mb4 COLLATE utf8mb4_general_ci DEFAULT NULL COMMENT '商圈，例如陆家嘴',
  `address` varchar(255) CHARACTER SET utf8mb4 COLLATE utf8mb4_general_ci NOT NULL COMMENT '地址',
  `x` double unsigned NOT NULL COMMENT '经度',
  `y` double unsigned NOT NULL COMMENT '维度',
  `avg_price` bigint unsigned DEFAULT NULL COMMENT '均价，取整数',
  `sold` int(10) unsigned zerofill NOT NULL COMMENT '销量',
  `comments` int(10) unsigned zerofill NOT NULL COMMENT '评论数量',
  `score` int(2) unsigned zerofill NOT NULL COMMENT '评分，1~5分，乘10保存，避免小数',
  `open_hours` varchar(32) CHARACTER SET utf8mb4 COLLATE utf8mb4_general_ci DEFAULT NULL COMMENT '营业时间，例如 10:00-22:00',
  `create_time` timestamp NULL DEFAULT CURRENT_TIMESTAMP COMMENT '创建时间',
  `update_time` timestamp NULL DEFAULT CURRENT_TIMESTAMP ON UPDATE CURRENT_TIMESTAMP COMMENT '更新时间',
  PRIMARY KEY (`id`) USING BTREE,
  KEY `foreign_key_type` (`type_id`) USING BTREE
) ENGINE=InnoDB AUTO_INCREMENT=15 DEFAULT CHARSET=utf8mb4 COLLATE=utf8mb4_general_ci ROW_FORMAT=COMPACT;
/*!40101 SET character_set_client = @saved_cs_client */;

--
-- Dumping data for table `tb_shop`
--

LOCK TABLES `tb_shop` WRITE;
/*!40000 ALTER TABLE `tb_shop` DISABLE KEYS */;
INSERT INTO `tb_shop` VALUES (1,'103茶餐厅',1,'https://qcloud.dpfile.com/pc/jiclIsCKmOI2arxKN1Uf0Hx3PucIJH8q0QSz-Z8llzcN56-_QiKuOvyio1OOxsRtFoXqu0G3iT2T27qat3WhLVEuLYk00OmSS1IdNpm8K8sG4JN9RIm2mTKcbLtc2o2vfCF2ubeXzk49OsGrXt_KYDCngOyCwZK-s3fqawWswzk.jpg,https://qcloud.dpfile.com/pc/IOf6VX3qaBgFXFVgp75w-KKJmWZjFc8GXDU8g9bQC6YGCpAmG00QbfT4vCCBj7njuzFvxlbkWx5uwqY2qcjixFEuLYk00OmSS1IdNpm8K8sG4JN9RIm2mTKcbLtc2o2vmIU_8ZGOT1OjpJmLxG6urQ.jpg','大关','金华路锦昌文华苑29号',120.149192,30.316078,80,0000004215,0000003035,37,'10:00-22:00','2021-12-22 10:10:39','2022-01-13 09:32:19'),(2,'蔡馬洪涛烤肉·老北京铜锅涮羊肉',1,'https://p0.meituan.net/bbia/c1870d570e73accbc9fee90b48faca41195272.jpg,http://p0.meituan.net/mogu/397e40c28fc87715b3d5435710a9f88d706914.jpg,https://qcloud.dpfile.com/pc/MZTdRDqCZdbPDUO0Hk6lZENRKzpKRF7kavrkEI99OxqBZTzPfIxa5E33gBfGouhFuzFvxlbkWx5uwqY2qcjixFEuLYk00OmSS1IdNpm8K8sG4JN9RIm2mTKcbLtc2o2vmIU_8ZGOT1OjpJmLxG6urQ.jpg','拱宸桥/上塘','上塘路1035号（中国工商银行旁）',120.151505,30.333422,85,0000002160,0000001460,46,'11:30-03:00','2021-12-22 11:00:13','2022-01-11 08:12:26'),(3,'新白鹿餐厅(运河上街店)',1,'https://p0.meituan.net/biztone/694233_1619500156517.jpeg,https://img.meituan.net/msmerchant/876ca8983f7395556eda9ceb064e6bc51840883.png,https://img.meituan.net/msmerchant/86a76ed53c28eff709a36099aefe28b51554088.png','运河上街','台州路2号运河上街购物中心F5',120.151954,30.32497,61,0000012035,0000008045,47,'10:30-21:00','2021-12-22 11:10:05','2022-01-11 08:12:42'),(4,'Mamala(杭州远洋乐堤港店)',1,'https://img.meituan.net/msmerchant/232f8fdf09050838bd33fb24e79f30f9606056.jpg,https://qcloud.dpfile.com/pc/rDe48Xe15nQOHCcEEkmKUp5wEKWbimt-HDeqYRWsYJseXNncvMiXbuED7x1tXqN4uzFvxlbkWx5uwqY2qcjixFEuLYk00OmSS1IdNpm8K8sG4JN9RIm2mTKcbLtc2o2vmIU_8ZGOT1OjpJmLxG6urQ.jpg','拱宸桥/上塘','丽水路66号远洋乐堤港商城2期1层B115号',120.146659,30.312742,290,0000013519,0000009529,49,'11:00-22:00','2021-12-22 11:17:15','2022-01-11 08:12:51'),(5,'海底捞火锅(水晶城购物中心店）',1,'https://img.meituan.net/msmerchant/054b5de0ba0b50c18a620cc37482129a45739.jpg,https://img.meituan.net/msmerchant/59b7eff9b60908d52bd4aea9ff356e6d145920.jpg,https://qcloud.dpfile.com/pc/Qe2PTEuvtJ5skpUXKKoW9OQ20qc7nIpHYEqJGBStJx0mpoyeBPQOJE4vOdYZwm9AuzFvxlbkWx5uwqY2qcjixFEuLYk00OmSS1IdNpm8K8sG4JN9RIm2mTKcbLtc2o2vmIU_8ZGOT1OjpJmLxG6urQ.jpg','大关','上塘路458号水晶城购物中心F6',120.15778,30.310633,104,0000004125,0000002764,49,'10:00-07:00','2021-12-22 11:20:58','2022-01-11 08:13:01'),(6,'幸福里老北京涮锅（丝联店）',1,'https://img.meituan.net/msmerchant/e71a2d0d693b3033c15522c43e03f09198239.jpg,https://img.meituan.net/msmerchant/9f8a966d60ffba00daf35458522273ca658239.jpg,https://img.meituan.net/msmerchant/ef9ca5ef6c05d381946fe4a9aa7d9808554502.jpg','拱宸桥/上塘','金华南路189号丝联166号',120.148603,30.318618,130,0000009531,0000007324,46,'11:00-13:50,17:00-20:50','2021-12-22 11:24:53','2022-01-11 08:13:09'),(7,'炉鱼(拱墅万达广场店)',1,'https://img.meituan.net/msmerchant/909434939a49b36f340523232924402166854.jpg,https://img.meituan.net/msmerchant/32fd2425f12e27db0160e837461c10303700032.jpg,https://img.meituan.net/msmerchant/f7022258ccb8dabef62a0514d3129562871160.jpg','北部新城','杭行路666号万达商业中心4幢2单元409室(铺位号4005)',120.124691,30.336819,85,0000002631,0000001320,47,'00:00-24:00','2021-12-22 11:40:52','2022-01-11 08:13:19'),(8,'浅草屋寿司（运河上街店）',1,'https://img.meituan.net/msmerchant/cf3dff697bf7f6e11f4b79c4e7d989e4591290.jpg,https://img.meituan.net/msmerchant/0b463f545355c8d8f021eb2987dcd0c8567811.jpg,https://img.meituan.net/msmerchant/c3c2516939efaf36c4ccc64b0e629fad587907.jpg','运河上街','拱墅区金华路80号运河上街B1',120.150526,30.325231,88,0000002406,0000001206,46,' 11:00-21:30','2021-12-22 11:51:06','2022-01-11 08:13:25'),(9,'羊老三羊蝎子牛仔排北派炭火锅(运河上街店)',1,'https://p0.meituan.net/biztone/163160492_1624251899456.jpeg,https://img.meituan.net/msmerchant/e478eb16f7e31a7f8b29b5e3bab6de205500837.jpg,https://img.meituan.net/msmerchant/6173eb1d18b9d70ace7fdb3f2dd939662884857.jpg','运河上街','台州路2号运河上街购物中心F5',120.150598,30.325251,101,0000002763,0000001363,44,'11:00-21:30','2021-12-22 11:53:59','2022-01-11 08:13:34'),(10,'开乐迪KTV（运河上街店）',2,'https://p0.meituan.net/joymerchant/a575fd4adb0b9099c5c410058148b307-674435191.jpg,https://p0.meituan.net/merchantpic/68f11bf850e25e437c5f67decfd694ab2541634.jpg,https://p0.meituan.net/dpdeal/cb3a12225860ba2875e4ea26c6d14fcc197016.jpg','运河上街','台州路2号运河上街购物中心F4',120.149093,30.324666,67,0000026891,0000000902,37,'00:00-24:00','2021-12-22 12:25:16','2021-12-22 12:25:16'),(11,'INLOVE KTV(水晶城店)',2,'https://p0.meituan.net/dpmerchantpic/53e74b200211d68988a4f02ae9912c6c1076826.jpg,https://qcloud.dpfile.com/pc/4iWtIvzLzwM2MGgyPu1PCDb4SWEaKqUeHm--YAt1EwR5tn8kypBcqNwHnjg96EvT_Gd2X_f-v9T8Yj4uLt25Gg.jpg,https://qcloud.dpfile.com/pc/WZsJWRI447x1VG2x48Ujgu7vwqksi_9WitdKI4j3jvIgX4MZOpGNaFtM93oSSizbGybIjx5eX6WNgCPvcASYAw.jpg','水晶城','上塘路458号水晶城购物中心6层',120.15853,30.310002,75,0000035977,0000005684,47,'11:30-06:00','2021-12-22 12:29:02','2021-12-22 12:39:00'),(12,'魅(杭州远洋乐堤港店)',2,'https://p0.meituan.net/dpmerchantpic/63833f6ba0393e2e8722420ef33f3d40466664.jpg,https://p0.meituan.net/dpmerchantpic/ae3c94cc92c529c4b1d7f68cebed33fa105810.png,','远洋乐堤港','丽水路58号远洋乐堤港F4',120.14983,30.31211,88,0000006444,0000000235,46,'10:00-02:00','2021-12-22 12:34:34','2021-12-22 12:34:34'),(13,'讴K拉量贩KTV(北城天地店)',2,'https://p1.meituan.net/merchantpic/598c83a8c0d06fe79ca01056e214d345875600.jpg,https://qcloud.dpfile.com/pc/HhvI0YyocYHRfGwJWqPQr34hRGRl4cWdvlNwn3dqghvi4WXlM2FY1te0-7pE3Wb9_Gd2X_f-v9T8Yj4uLt25Gg.jpg,https://qcloud.dpfile.com/pc/F5ZVzZaXFE27kvQzPnaL4V8O9QCpVw2nkzGrxZE8BqXgkfyTpNExfNG5CEPQX4pjGybIjx5eX6WNgCPvcASYAw.jpg','D32天阳购物中心','湖州街567号北城天地5层',120.130453,30.327655,58,0000018997,0000001857,41,'12:00-02:00','2021-12-22 12:38:54','2021-12-22 12:40:04'),(14,'星聚会KTV(拱墅区万达店)',2,'https://p0.meituan.net/dpmerchantpic/f4cd6d8d4eb1959c3ea826aa05a552c01840451.jpg,https://p0.meituan.net/dpmerchantpic/2efc07aed856a8ab0fc75c86f4b9b0061655777.jpg,https://qcloud.dpfile.com/pc/zWfzzIorCohKT0bFwsfAlHuayWjI6DBEMPHHncmz36EEMU9f48PuD9VxLLDAjdoU_Gd2X_f-v9T8Yj4uLt25Gg.jpg','北部新城','杭行路666号万达广场C座1-2F',120.128958,30.337252,60,0000017771,0000000685,47,'10:00-22:00','2021-12-22 12:48:54','2021-12-22 12:48:54');
/*!40000 ALTER TABLE `tb_shop` ENABLE KEYS */;
UNLOCK TABLES;

--
-- Table structure for table `tb_shop_type`
--

DROP TABLE IF EXISTS `tb_shop_type`;
/*!40101 SET @saved_cs_client     = @@character_set_client */;
/*!50503 SET character_set_client = utf8mb4 */;
CREATE TABLE `tb_shop_type` (
  `id` bigint unsigned NOT NULL AUTO_INCREMENT COMMENT '主键',
  `name` varchar(32) CHARACTER SET utf8mb4 COLLATE utf8mb4_general_ci DEFAULT NULL COMMENT '类型名称',
  `icon` varchar(255) CHARACTER SET utf8mb4 COLLATE utf8mb4_general_ci DEFAULT NULL COMMENT '图标',
  `sort` int unsigned DEFAULT NULL COMMENT '顺序',
  `create_time` timestamp NULL DEFAULT CURRENT_TIMESTAMP COMMENT '创建时间',
  `update_time` timestamp NULL DEFAULT CURRENT_TIMESTAMP ON UPDATE CURRENT_TIMESTAMP COMMENT '更新时间',
  PRIMARY KEY (`id`) USING BTREE
) ENGINE=InnoDB AUTO_INCREMENT=11 DEFAULT CHARSET=utf8mb4 COLLATE=utf8mb4_general_ci ROW_FORMAT=COMPACT;
/*!40101 SET character_set_client = @saved_cs_client */;

--
-- Dumping data for table `tb_shop_type`
--

LOCK TABLES `tb_shop_type` WRITE;
/*!40000 ALTER TABLE `tb_shop_type` DISABLE KEYS */;
INSERT INTO `tb_shop_type` VALUES (1,'美食','/types/ms.png',1,'2021-12-22 12:17:47','2021-12-23 03:24:31'),(2,'KTV','/types/KTV.png',2,'2021-12-22 12:18:27','2021-12-23 03:24:31'),(3,'丽人·美发','/types/lrmf.png',3,'2021-12-22 12:18:48','2021-12-23 03:24:31'),(4,'健身运动','/types/jsyd.png',10,'2021-12-22 12:19:04','2021-12-23 03:24:31'),(5,'按摩·足疗','/types/amzl.png',5,'2021-12-22 12:19:27','2021-12-23 03:24:31'),(6,'美容SPA','/types/spa.png',6,'2021-12-22 12:19:35','2021-12-23 03:24:31'),(7,'亲子游乐','/types/qzyl.png',7,'2021-12-22 12:19:53','2021-12-23 03:24:31'),(8,'酒吧','/types/jiuba.png',8,'2021-12-22 12:20:02','2021-12-23 03:24:31'),(9,'轰趴馆','/types/hpg.png',9,'2021-12-22 12:20:08','2021-12-23 03:24:31'),(10,'美睫·美甲','/types/mjmj.png',4,'2021-12-22 12:21:46','2021-12-23 03:24:31');
/*!40000 ALTER TABLE `tb_shop_type` ENABLE KEYS */;
UNLOCK TABLES;

--
-- Table structure for table `tb_sign`
--

DROP TABLE IF EXISTS `tb_sign`;
/*!40101 SET @saved_cs_client     = @@character_set_client */;
/*!50503 SET character_set_client = utf8mb4 */;
CREATE TABLE `tb_sign` (
  `id` bigint unsigned NOT NULL AUTO_INCREMENT COMMENT '主键',
  `user_id` bigint unsigned NOT NULL COMMENT '用户id',
  `year` year NOT NULL COMMENT '签到的年',
  `month` tinyint NOT NULL COMMENT '签到的月',
  `date` date NOT NULL COMMENT '签到的日期',
  `is_backup` tinyint unsigned DEFAULT NULL COMMENT '是否补签',
  PRIMARY KEY (`id`) USING BTREE
) ENGINE=InnoDB DEFAULT CHARSET=utf8mb4 COLLATE=utf8mb4_general_ci ROW_FORMAT=COMPACT;
/*!40101 SET character_set_client = @saved_cs_client */;

--
-- Dumping data for table `tb_sign`
--

LOCK TABLES `tb_sign` WRITE;
/*!40000 ALTER TABLE `tb_sign` DISABLE KEYS */;
/*!40000 ALTER TABLE `tb_sign` ENABLE KEYS */;
UNLOCK TABLES;

--
-- Table structure for table `tb_user`
--

DROP TABLE IF EXISTS `tb_user`;
/*!40101 SET @saved_cs_client     = @@character_set_client */;
/*!50503 SET character_set_client = utf8mb4 */;
CREATE TABLE `tb_user` (
  `id` bigint unsigned NOT NULL AUTO_INCREMENT COMMENT '主键',
  `phone` varchar(11) CHARACTER SET utf8mb4 COLLATE utf8mb4_general_ci NOT NULL COMMENT '手机号码',
  `password` varchar(128) CHARACTER SET utf8mb4 COLLATE utf8mb4_general_ci DEFAULT '' COMMENT '密码，加密存储',
  `nick_name` varchar(32) CHARACTER SET utf8mb4 COLLATE utf8mb4_general_ci DEFAULT '' COMMENT '昵称，默认是用户id',
  `icon` varchar(255) CHARACTER SET utf8mb4 COLLATE utf8mb4_general_ci DEFAULT '' COMMENT '人物头像',
  `role_type` tinyint(1) NOT NULL DEFAULT '2' COMMENT '账号类型：1主办方，2学生',
  `create_time` timestamp NOT NULL DEFAULT CURRENT_TIMESTAMP COMMENT '创建时间',
  `update_time` timestamp NOT NULL DEFAULT CURRENT_TIMESTAMP ON UPDATE CURRENT_TIMESTAMP COMMENT '更新时间',
  PRIMARY KEY (`id`) USING BTREE,
  UNIQUE KEY `uniqe_key_phone` (`phone`) USING BTREE
) ENGINE=InnoDB AUTO_INCREMENT=1013 DEFAULT CHARSET=utf8mb4 COLLATE=utf8mb4_general_ci ROW_FORMAT=COMPACT;
/*!40101 SET character_set_client = @saved_cs_client */;

--
-- Dumping data for table `tb_user`
--

LOCK TABLES `tb_user` WRITE;
/*!40000 ALTER TABLE `tb_user` DISABLE KEYS */;
INSERT INTO `tb_user` VALUES (1,'13686869696','','小鱼同学','/imgs/blogs/blog1.jpg',2,'2021-12-24 02:27:19','2022-01-11 08:04:00'),(2,'13838411438','','可可今天不吃肉','/imgs/icons/kkjtbcr.jpg',2,'2021-12-24 07:14:39','2021-12-28 11:58:04'),(4,'13456789011','','user_slxaxy2au9f3tanffaxr','',2,'2022-01-07 04:07:53','2022-01-07 04:07:53'),(5,'13456789001','','可爱多','/imgs/icons/user5-icon.png',2,'2022-01-07 08:11:33','2022-03-11 01:09:20'),(6,'13456762069','','user_xn5wr3hpsv','',2,'2022-02-07 09:54:10','2022-02-07 09:54:10'),(10,'13688668889','','user_88arndojw9','',2,'2022-02-28 02:50:47','2022-02-28 02:50:47'),(11,'13688668890','','user_qcfr2k1lmi','',2,'2022-02-28 02:50:47','2022-02-28 02:50:47'),(12,'13688668891','','user_ffsk4hli07','',2,'2022-02-28 02:50:47','2022-02-28 02:50:47'),(13,'13688668892','','user_r62q62ijef','',2,'2022-02-28 02:50:47','2022-02-28 02:50:47'),(14,'13688668893','','user_f3rymyt1q5','',2,'2022-02-28 02:50:47','2022-02-28 02:50:47'),(15,'13688668894','','user_hnyhc3mjat','',2,'2022-02-28 02:50:47','2022-02-28 02:50:47'),(16,'13688668895','','user_2spo35f5rl','',2,'2022-02-28 02:50:47','2022-02-28 02:50:47'),(17,'13688668896','','user_q3r70baqe1','',2,'2022-02-28 02:50:47','2022-02-28 02:50:47'),(18,'13688668897','','user_v73ottjqxt','',2,'2022-02-28 02:50:47','2022-02-28 02:50:47'),(19,'13688668898','','user_tmh8o4r11q','',2,'2022-02-28 02:50:47','2022-02-28 02:50:47'),(20,'13688668899','','user_4epgb7b5u1','',2,'2022-02-28 02:50:47','2022-02-28 02:50:47'),(21,'13688668900','','user_g474zoujxj','',2,'2022-02-28 02:50:47','2022-02-28 02:50:47'),(22,'13688668901','','user_r3kh1g6aah','',2,'2022-02-28 02:50:47','2022-02-28 02:50:47'),(23,'13688668902','','user_u3uuo7l5fo','',2,'2022-02-28 02:50:47','2022-02-28 02:50:47'),(24,'13688668903','','user_9o93lbsojt','',2,'2022-02-28 02:50:47','2022-02-28 02:50:47'),(25,'13688668904','','user_jbhmr43wpq','',2,'2022-02-28 02:50:47','2022-02-28 02:50:47'),(26,'13688668905','','user_nevyd3c5ux','',2,'2022-02-28 02:50:47','2022-02-28 02:50:47'),(27,'13688668906','','user_oow4frmjp3','',2,'2022-02-28 02:50:47','2022-02-28 02:50:47'),(28,'13688668907','','user_cvmknmec74','',2,'2022-02-28 02:50:47','2022-02-28 02:50:47'),(29,'13688668908','','user_0t2x5njbz7','',2,'2022-02-28 02:50:47','2022-02-28 02:50:47'),(30,'13688668909','','user_y5x09783hp','',2,'2022-02-28 02:50:47','2022-02-28 02:50:47'),(31,'13688668910','','user_owe4eyuhhh','',2,'2022-02-28 02:50:47','2022-02-28 02:50:47'),(32,'13688668911','','user_j76auh0ggg','',2,'2022-02-28 02:50:47','2022-02-28 02:50:47'),(33,'13688668912','','user_aal5w9rm33','',2,'2022-02-28 02:50:47','2022-02-28 02:50:47'),(34,'13688668913','','user_a2pgu8cr21','',2,'2022-02-28 02:50:47','2022-02-28 02:50:47'),(35,'13688668914','','user_nle60p846v','',2,'2022-02-28 02:50:47','2022-02-28 02:50:47'),(36,'13688668915','','user_w1mck7c7yv','',2,'2022-02-28 02:50:47','2022-02-28 02:50:47'),(37,'13688668916','','user_bnpiybumlk','',2,'2022-02-28 02:50:47','2022-02-28 02:50:47'),(38,'13688668917','','user_4w7xeo2yyt','',2,'2022-02-28 02:50:47','2022-02-28 02:50:47'),(39,'13688668918','','user_99u4voj7xl','',2,'2022-02-28 02:50:47','2022-02-28 02:50:47'),(40,'13688668919','','user_g03is27pd6','',2,'2022-02-28 02:50:47','2022-02-28 02:50:47'),(41,'13688668920','','user_3j9erfkl0p','',2,'2022-02-28 02:50:47','2022-02-28 02:50:47'),(42,'13688668921','','user_l7rs56ah9y','',2,'2022-02-28 02:50:47','2022-02-28 02:50:47'),(43,'13688668922','','user_p3655ctliy','',2,'2022-02-28 02:50:47','2022-02-28 02:50:47'),(44,'13688668923','','user_qi1qze1yp1','',2,'2022-02-28 02:50:47','2022-02-28 02:50:47'),(45,'13688668924','','user_vrd5ir0rj0','',2,'2022-02-28 02:50:47','2022-02-28 02:50:47'),(46,'13688668925','','user_tubboh1byc','',2,'2022-02-28 02:50:47','2022-02-28 02:50:47'),(47,'13688668926','','user_j2bdj3d2eo','',2,'2022-02-28 02:50:47','2022-02-28 02:50:47'),(48,'13688668927','','user_ncj7r0vu1h','',2,'2022-02-28 02:50:47','2022-02-28 02:50:47'),(49,'13688668928','','user_63rhqjqa0a','',2,'2022-02-28 02:50:47','2022-02-28 02:50:47'),(50,'13688668929','','user_80ue5cywnk','',2,'2022-02-28 02:50:47','2022-02-28 02:50:47'),(51,'13688668930','','user_j4q037vhpi','',2,'2022-02-28 02:50:47','2022-02-28 02:50:47'),(52,'13688668931','','user_ms0uat5bf0','',2,'2022-02-28 02:50:47','2022-02-28 02:50:47'),(53,'13688668932','','user_oqep16bdel','',2,'2022-02-28 02:50:47','2022-02-28 02:50:47'),(54,'13688668933','','user_vjtvjjdqh7','',2,'2022-02-28 02:50:47','2022-02-28 02:50:47'),(55,'13688668934','','user_0168i9hv5g','',2,'2022-02-28 02:50:47','2022-02-28 02:50:47'),(56,'13688668935','','user_vh1j6zw1q4','',2,'2022-02-28 02:50:47','2022-02-28 02:50:47'),(57,'13688668936','','user_rkf2nxouof','',2,'2022-02-28 02:50:47','2022-02-28 02:50:47'),(58,'13688668937','','user_whlt2chtv3','',2,'2022-02-28 02:50:47','2022-02-28 02:50:47'),(59,'13688668938','','user_lpqr90wbeo','',2,'2022-02-28 02:50:47','2022-02-28 02:50:47'),(60,'13688668939','','user_h40y3ipk9k','',2,'2022-02-28 02:50:47','2022-02-28 02:50:47'),(61,'13688668940','','user_awdqkmbkt7','',2,'2022-02-28 02:50:48','2022-02-28 02:50:48'),(62,'13688668941','','user_1xgbg9v4r5','',2,'2022-02-28 02:50:48','2022-02-28 02:50:48'),(63,'13688668942','','user_7vf5fgiu68','',2,'2022-02-28 02:50:48','2022-02-28 02:50:48'),(64,'13688668943','','user_lsgiz015vf','',2,'2022-02-28 02:50:48','2022-02-28 02:50:48'),(65,'13688668944','','user_0nqjvanruk','',2,'2022-02-28 02:50:48','2022-02-28 02:50:48'),(66,'13688668945','','user_8alg1taath','',2,'2022-02-28 02:50:48','2022-02-28 02:50:48'),(67,'13688668946','','user_q45ykjgpxe','',2,'2022-02-28 02:50:48','2022-02-28 02:50:48'),(68,'13688668947','','user_4hy0o6ir0r','',2,'2022-02-28 02:50:48','2022-02-28 02:50:48'),(69,'13688668948','','user_q6rh7e6zo9','',2,'2022-02-28 02:50:48','2022-02-28 02:50:48'),(70,'13688668949','','user_1wp3ygfyn2','',2,'2022-02-28 02:50:48','2022-02-28 02:50:48'),(71,'13688668950','','user_13vjvo6flp','',2,'2022-02-28 02:50:48','2022-02-28 02:50:48'),(72,'13688668951','','user_glyshbbwin','',2,'2022-02-28 02:50:48','2022-02-28 02:50:48'),(73,'13688668952','','user_3ewzgsnhzj','',2,'2022-02-28 02:50:48','2022-02-28 02:50:48'),(74,'13688668953','','user_ky481zf1fs','',2,'2022-02-28 02:50:48','2022-02-28 02:50:48'),(75,'13688668954','','user_o5yzu0epev','',2,'2022-02-28 02:50:48','2022-02-28 02:50:48'),(76,'13688668955','','user_ycbracmsi3','',2,'2022-02-28 02:50:48','2022-02-28 02:50:48'),(77,'13688668956','','user_974wwi1283','',2,'2022-02-28 02:50:48','2022-02-28 02:50:48'),(78,'13688668957','','user_1y0xokmk9w','',2,'2022-02-28 02:50:48','2022-02-28 02:50:48'),(79,'13688668958','','user_nd74cho3tu','',2,'2022-02-28 02:50:48','2022-02-28 02:50:48'),(80,'13688668959','','user_5z7u2eysa4','',2,'2022-02-28 02:50:48','2022-02-28 02:50:48'),(81,'13688668960','','user_yvf8hfu5yy','',2,'2022-02-28 02:50:48','2022-02-28 02:50:48'),(82,'13688668961','','user_2poi4wvpms','',2,'2022-02-28 02:50:48','2022-02-28 02:50:48'),(83,'13688668962','','user_v4ysxjt1yu','',2,'2022-02-28 02:50:48','2022-02-28 02:50:48'),(84,'13688668963','','user_kbvn4gpgk6','',2,'2022-02-28 02:50:48','2022-02-28 02:50:48'),(85,'13688668964','','user_23niik1tyg','',2,'2022-02-28 02:50:48','2022-02-28 02:50:48'),(86,'13688668965','','user_uf2zz6ispe','',2,'2022-02-28 02:50:48','2022-02-28 02:50:48'),(87,'13688668966','','user_5k19vf7c4o','',2,'2022-02-28 02:50:48','2022-02-28 02:50:48'),(88,'13688668967','','user_5ahdd98xbr','',2,'2022-02-28 02:50:48','2022-02-28 02:50:48'),(89,'13688668968','','user_a5cnfnoopx','',2,'2022-02-28 02:50:48','2022-02-28 02:50:48'),(90,'13688668969','','user_utnmcyfg13','',2,'2022-02-28 02:50:48','2022-02-28 02:50:48'),(91,'13688668970','','user_0k6n8ikb95','',2,'2022-02-28 02:50:48','2022-02-28 02:50:48'),(92,'13688668971','','user_zqk5maqtmi','',2,'2022-02-28 02:50:48','2022-02-28 02:50:48'),(93,'13688668972','','user_9i9suwd3nd','',2,'2022-02-28 02:50:48','2022-02-28 02:50:48'),(94,'13688668973','','user_u0y0ngrdjo','',2,'2022-02-28 02:50:48','2022-02-28 02:50:48'),(95,'13688668974','','user_stvijjwvzu','',2,'2022-02-28 02:50:48','2022-02-28 02:50:48'),(96,'13688668975','','user_7if7tttays','',2,'2022-02-28 02:50:48','2022-02-28 02:50:48'),(97,'13688668976','','user_f9hmz0ngdu','',2,'2022-02-28 02:50:48','2022-02-28 02:50:48'),(98,'13688668977','','user_wuhs2nq9d0','',2,'2022-02-28 02:50:48','2022-02-28 02:50:48'),(99,'13688668978','','user_1u3rlntd5s','',2,'2022-02-28 02:50:48','2022-02-28 02:50:48'),(100,'13688668979','','user_ywe62vhu7u','',2,'2022-02-28 02:50:48','2022-02-28 02:50:48'),(101,'13688668980','','user_rbfpzdt6tg','',2,'2022-02-28 02:50:48','2022-02-28 02:50:48'),(102,'13688668981','','user_jv69l0d1kg','',2,'2022-02-28 02:50:48','2022-02-28 02:50:48'),(103,'13688668982','','user_dg6hwl48r6','',2,'2022-02-28 02:50:48','2022-02-28 02:50:48'),(104,'13688668983','','user_8rwl92pixr','',2,'2022-02-28 02:50:48','2022-02-28 02:50:48'),(105,'13688668984','','user_k5dek2os3m','',2,'2022-02-28 02:50:48','2022-02-28 02:50:48'),(106,'13688668985','','user_kw1nr2scyz','',2,'2022-02-28 02:50:48','2022-02-28 02:50:48'),(107,'13688668986','','user_h81c5g0t7s','',2,'2022-02-28 02:50:48','2022-02-28 02:50:48'),(108,'13688668987','','user_jar6djas5e','',2,'2022-02-28 02:50:48','2022-02-28 02:50:48'),(109,'13688668988','','user_f9x2qm4grh','',2,'2022-02-28 02:50:48','2022-02-28 02:50:48'),(110,'13688668989','','user_mg5h6c4bcu','',2,'2022-02-28 02:50:48','2022-02-28 02:50:48'),(111,'13688668990','','user_hcg7ocbnus','',2,'2022-02-28 02:50:48','2022-02-28 02:50:48'),(112,'13688668991','','user_rsbxx7g2yz','',2,'2022-02-28 02:50:48','2022-02-28 02:50:48'),(113,'13688668992','','user_bi3fhutbd1','',2,'2022-02-28 02:50:48','2022-02-28 02:50:48'),(114,'13688668993','','user_o4pjkkyu3q','',2,'2022-02-28 02:50:48','2022-02-28 02:50:48'),(115,'13688668994','','user_7zfs7g5vqb','',2,'2022-02-28 02:50:48','2022-02-28 02:50:48'),(116,'13688668995','','user_oq71inq541','',2,'2022-02-28 02:50:48','2022-02-28 02:50:48'),(117,'13688668996','','user_u9zoiadq6l','',2,'2022-02-28 02:50:48','2022-02-28 02:50:48'),(118,'13688668997','','user_4elguvu5pz','',2,'2022-02-28 02:50:48','2022-02-28 02:50:48'),(119,'13688668998','','user_90dclmdv94','',2,'2022-02-28 02:50:48','2022-02-28 02:50:48'),(120,'13688668999','','user_v2of3k1liq','',2,'2022-02-28 02:50:48','2022-02-28 02:50:48'),(121,'13688669000','','user_bg04b99iqn','',2,'2022-02-28 02:50:48','2022-02-28 02:50:48'),(122,'13688669001','','user_6fo9sul3q6','',2,'2022-02-28 02:50:48','2022-02-28 02:50:48'),(123,'13688669002','','user_vl7ajjlhnn','',2,'2022-02-28 02:50:48','2022-02-28 02:50:48'),(124,'13688669003','','user_df3kaj5zi1','',2,'2022-02-28 02:50:48','2022-02-28 02:50:48'),(125,'13688669004','','user_yo6iohe5s2','',2,'2022-02-28 02:50:48','2022-02-28 02:50:48'),(126,'13688669005','','user_2iss3wrcm1','',2,'2022-02-28 02:50:48','2022-02-28 02:50:48'),(127,'13688669006','','user_7y8qm8sv4r','',2,'2022-02-28 02:50:48','2022-02-28 02:50:48'),(128,'13688669007','','user_f825rhknpq','',2,'2022-02-28 02:50:48','2022-02-28 02:50:48'),(129,'13688669008','','user_3bigm0aauz','',2,'2022-02-28 02:50:48','2022-02-28 02:50:48'),(130,'13688669009','','user_ib9eo5dtgk','',2,'2022-02-28 02:50:48','2022-02-28 02:50:48'),(131,'13688669010','','user_ci5hhnufj9','',2,'2022-02-28 02:50:48','2022-02-28 02:50:48'),(132,'13688669011','','user_cc56u62rny','',2,'2022-02-28 02:50:48','2022-02-28 02:50:48'),(133,'13688669012','','user_i8fg7azvnt','',2,'2022-02-28 02:50:48','2022-02-28 02:50:48'),(134,'13688669013','','user_bw5dqkv6d9','',2,'2022-02-28 02:50:48','2022-02-28 02:50:48'),(135,'13688669014','','user_1n1o9ri5oz','',2,'2022-02-28 02:50:48','2022-02-28 02:50:48'),(136,'13688669015','','user_1b0zexoldy','',2,'2022-02-28 02:50:48','2022-02-28 02:50:48'),(137,'13688669016','','user_lz9dr6wxkw','',2,'2022-02-28 02:50:48','2022-02-28 02:50:48'),(138,'13688669017','','user_zfpfscu53e','',2,'2022-02-28 02:50:48','2022-02-28 02:50:48'),(139,'13688669018','','user_5kldn59nn9','',2,'2022-02-28 02:50:48','2022-02-28 02:50:48'),(140,'13688669019','','user_p0mjswjh9x','',2,'2022-02-28 02:50:48','2022-02-28 02:50:48'),(141,'13688669020','','user_z4jcqggm11','',2,'2022-02-28 02:50:48','2022-02-28 02:50:48'),(142,'13688669021','','user_pv9yctbxza','',2,'2022-02-28 02:50:48','2022-02-28 02:50:48'),(143,'13688669022','','user_u702tikvol','',2,'2022-02-28 02:50:48','2022-02-28 02:50:48'),(144,'13688669023','','user_sy4a5f3qmy','',2,'2022-02-28 02:50:48','2022-02-28 02:50:48'),(145,'13688669024','','user_n6g293r60l','',2,'2022-02-28 02:50:48','2022-02-28 02:50:48'),(146,'13688669025','','user_uylyp6ttqz','',2,'2022-02-28 02:50:48','2022-02-28 02:50:48'),(147,'13688669026','','user_h2zmzefha3','',2,'2022-02-28 02:50:48','2022-02-28 02:50:48'),(148,'13688669027','','user_5outop6hz2','',2,'2022-02-28 02:50:48','2022-02-28 02:50:48'),(149,'13688669028','','user_vp8l74sadq','',2,'2022-02-28 02:50:48','2022-02-28 02:50:48'),(150,'13688669029','','user_n9ww3of8fg','',2,'2022-02-28 02:50:48','2022-02-28 02:50:48'),(151,'13688669030','','user_rfm7pfgkv8','',2,'2022-02-28 02:50:48','2022-02-28 02:50:48'),(152,'13688669031','','user_h7298xuo0u','',2,'2022-02-28 02:50:48','2022-02-28 02:50:48'),(153,'13688669032','','user_72s0smb2wz','',2,'2022-02-28 02:50:48','2022-02-28 02:50:48'),(154,'13688669033','','user_twhphih9nd','',2,'2022-02-28 02:50:48','2022-02-28 02:50:48'),(155,'13688669034','','user_vfocakn5gl','',2,'2022-02-28 02:50:48','2022-02-28 02:50:48'),(156,'13688669035','','user_tfwe1v2x82','',2,'2022-02-28 02:50:48','2022-02-28 02:50:48'),(157,'13688669036','','user_eyrq375qgg','',2,'2022-02-28 02:50:48','2022-02-28 02:50:48'),(158,'13688669037','','user_rg2obilrot','',2,'2022-02-28 02:50:48','2022-02-28 02:50:48'),(159,'13688669038','','user_rzfwln2aw2','',2,'2022-02-28 02:50:48','2022-02-28 02:50:48'),(160,'13688669039','','user_rzfgzeshe1','',2,'2022-02-28 02:50:48','2022-02-28 02:50:48'),(161,'13688669040','','user_c67s0sjbmv','',2,'2022-02-28 02:50:48','2022-02-28 02:50:48'),(162,'13688669041','','user_fkyp652kkn','',2,'2022-02-28 02:50:48','2022-02-28 02:50:48'),(163,'13688669042','','user_sv1i552okx','',2,'2022-02-28 02:50:48','2022-02-28 02:50:48'),(164,'13688669043','','user_fsrmh6e0d3','',2,'2022-02-28 02:50:48','2022-02-28 02:50:48'),(165,'13688669044','','user_jey7gkjesn','',2,'2022-02-28 02:50:48','2022-02-28 02:50:48'),(166,'13688669045','','user_00xdq55r0f','',2,'2022-02-28 02:50:48','2022-02-28 02:50:48'),(167,'13688669046','','user_wkb6tveg4e','',2,'2022-02-28 02:50:48','2022-02-28 02:50:48'),(168,'13688669047','','user_51ong6aunx','',2,'2022-02-28 02:50:48','2022-02-28 02:50:48'),(169,'13688669048','','user_ke4h0uxthm','',2,'2022-02-28 02:50:48','2022-02-28 02:50:48'),(170,'13688669049','','user_oswyb9opx5','',2,'2022-02-28 02:50:48','2022-02-28 02:50:48'),(171,'13688669050','','user_iy8itbwg6q','',2,'2022-02-28 02:50:48','2022-02-28 02:50:48'),(172,'13688669051','','user_g1mk023p9r','',2,'2022-02-28 02:50:48','2022-02-28 02:50:48'),(173,'13688669052','','user_2507p7kvzs','',2,'2022-02-28 02:50:48','2022-02-28 02:50:48'),(174,'13688669053','','user_piixbanfxl','',2,'2022-02-28 02:50:48','2022-02-28 02:50:48'),(175,'13688669054','','user_w2d2is43jc','',2,'2022-02-28 02:50:48','2022-02-28 02:50:48'),(176,'13688669055','','user_lrk4it56lt','',2,'2022-02-28 02:50:48','2022-02-28 02:50:48'),(177,'13688669056','','user_3273q3j2ft','',2,'2022-02-28 02:50:48','2022-02-28 02:50:48'),(178,'13688669057','','user_ltf42q0vy4','',2,'2022-02-28 02:50:48','2022-02-28 02:50:48'),(179,'13688669058','','user_7npp13snqp','',2,'2022-02-28 02:50:48','2022-02-28 02:50:48'),(180,'13688669059','','user_slxftqmjp9','',2,'2022-02-28 02:50:48','2022-02-28 02:50:48'),(181,'13688669060','','user_il4dsuvdfr','',2,'2022-02-28 02:50:48','2022-02-28 02:50:48'),(182,'13688669061','','user_esm2d4uh7a','',2,'2022-02-28 02:50:48','2022-02-28 02:50:48'),(183,'13688669062','','user_te4prs2y3j','',2,'2022-02-28 02:50:48','2022-02-28 02:50:48'),(184,'13688669063','','user_dycwcufgj0','',2,'2022-02-28 02:50:48','2022-02-28 02:50:48'),(185,'13688669064','','user_jjo4dvsgag','',2,'2022-02-28 02:50:48','2022-02-28 02:50:48'),(186,'13688669065','','user_9opl0t1sd2','',2,'2022-02-28 02:50:48','2022-02-28 02:50:48'),(187,'13688669066','','user_hbm1dnssq6','',2,'2022-02-28 02:50:48','2022-02-28 02:50:48'),(188,'13688669067','','user_tx88zar5cs','',2,'2022-02-28 02:50:48','2022-02-28 02:50:48'),(189,'13688669068','','user_1p206nyupm','',2,'2022-02-28 02:50:48','2022-02-28 02:50:48'),(190,'13688669069','','user_8lnbd2ao5u','',2,'2022-02-28 02:50:48','2022-02-28 02:50:48'),(191,'13688669070','','user_v4uwls1wg7','',2,'2022-02-28 02:50:48','2022-02-28 02:50:48'),(192,'13688669071','','user_z1bkh9lnjj','',2,'2022-02-28 02:50:48','2022-02-28 02:50:48'),(193,'13688669072','','user_r7u852ex1n','',2,'2022-02-28 02:50:48','2022-02-28 02:50:48'),(194,'13688669073','','user_yqr54gdh8t','',2,'2022-02-28 02:50:48','2022-02-28 02:50:48'),(195,'13688669074','','user_x4kngjjng7','',2,'2022-02-28 02:50:48','2022-02-28 02:50:48'),(196,'13688669075','','user_xvtxjocno2','',2,'2022-02-28 02:50:48','2022-02-28 02:50:48'),(197,'13688669076','','user_1zj77q03tf','',2,'2022-02-28 02:50:48','2022-02-28 02:50:48'),(198,'13688669077','','user_0q8yjtlp7a','',2,'2022-02-28 02:50:48','2022-02-28 02:50:48'),(199,'13688669078','','user_nt2ogdyl73','',2,'2022-02-28 02:50:48','2022-02-28 02:50:48'),(200,'13688669079','','user_6w0ex6afsz','',2,'2022-02-28 02:50:48','2022-02-28 02:50:48'),(201,'13688669080','','user_qpm2vyflc3','',2,'2022-02-28 02:50:48','2022-02-28 02:50:48'),(202,'13688669081','','user_dzvf9xujj1','',2,'2022-02-28 02:50:48','2022-02-28 02:50:48'),(203,'13688669082','','user_aiypeaeupd','',2,'2022-02-28 02:50:48','2022-02-28 02:50:48'),(204,'13688669083','','user_5iznj0t5hg','',2,'2022-02-28 02:50:48','2022-02-28 02:50:48'),(205,'13688669084','','user_4t1flvqz2h','',2,'2022-02-28 02:50:48','2022-02-28 02:50:48'),(206,'13688669085','','user_542t36rd41','',2,'2022-02-28 02:50:48','2022-02-28 02:50:48'),(207,'13688669086','','user_kmhowbydu6','',2,'2022-02-28 02:50:48','2022-02-28 02:50:48'),(208,'13688669087','','user_e8nz64jbym','',2,'2022-02-28 02:50:48','2022-02-28 02:50:48'),(209,'13688669088','','user_zjbr3zq6we','',2,'2022-02-28 02:50:48','2022-02-28 02:50:48'),(210,'13688669089','','user_ptk6qaspna','',2,'2022-02-28 02:50:48','2022-02-28 02:50:48'),(211,'13688669090','','user_jei7tqtu1j','',2,'2022-02-28 02:50:48','2022-02-28 02:50:48'),(212,'13688669091','','user_8x7cyv5ey8','',2,'2022-02-28 02:50:48','2022-02-28 02:50:48'),(213,'13688669092','','user_mx3l4tj2jq','',2,'2022-02-28 02:50:48','2022-02-28 02:50:48'),(214,'13688669093','','user_ba6e9l6exg','',2,'2022-02-28 02:50:48','2022-02-28 02:50:48'),(215,'13688669094','','user_vlku3rop6e','',2,'2022-02-28 02:50:49','2022-02-28 02:50:49'),(216,'13688669095','','user_hsff9net6q','',2,'2022-02-28 02:50:49','2022-02-28 02:50:49'),(217,'13688669096','','user_mbaficnzfe','',2,'2022-02-28 02:50:49','2022-02-28 02:50:49'),(218,'13688669097','','user_b3wglh40dk','',2,'2022-02-28 02:50:49','2022-02-28 02:50:49'),(219,'13688669098','','user_dvi1yllk48','',2,'2022-02-28 02:50:49','2022-02-28 02:50:49'),(220,'13688669099','','user_cxv8smu642','',2,'2022-02-28 02:50:49','2022-02-28 02:50:49'),(221,'13688669100','','user_ze5exti1z5','',2,'2022-02-28 02:50:49','2022-02-28 02:50:49'),(222,'13688669101','','user_b6524nuosz','',2,'2022-02-28 02:50:49','2022-02-28 02:50:49'),(223,'13688669102','','user_jw3xmz31ss','',2,'2022-02-28 02:50:49','2022-02-28 02:50:49'),(224,'13688669103','','user_3fqrglyqj0','',2,'2022-02-28 02:50:49','2022-02-28 02:50:49'),(225,'13688669104','','user_uf9dy1kfmg','',2,'2022-02-28 02:50:49','2022-02-28 02:50:49'),(226,'13688669105','','user_nn4ss4oupv','',2,'2022-02-28 02:50:49','2022-02-28 02:50:49'),(227,'13688669106','','user_khse5vlch8','',2,'2022-02-28 02:50:49','2022-02-28 02:50:49'),(228,'13688669107','','user_xfpqrk3hea','',2,'2022-02-28 02:50:49','2022-02-28 02:50:49'),(229,'13688669108','','user_0sfyf9o74l','',2,'2022-02-28 02:50:49','2022-02-28 02:50:49'),(230,'13688669109','','user_936vlojcwy','',2,'2022-02-28 02:50:49','2022-02-28 02:50:49'),(231,'13688669110','','user_wq9m8aqmay','',2,'2022-02-28 02:50:49','2022-02-28 02:50:49'),(232,'13688669111','','user_uqw0c5ilp5','',2,'2022-02-28 02:50:49','2022-02-28 02:50:49'),(233,'13688669112','','user_qjucgt4ar1','',2,'2022-02-28 02:50:49','2022-02-28 02:50:49'),(234,'13688669113','','user_sry5bqf8ev','',2,'2022-02-28 02:50:49','2022-02-28 02:50:49'),(235,'13688669114','','user_9csdwveeh8','',2,'2022-02-28 02:50:49','2022-02-28 02:50:49'),(236,'13688669115','','user_y9kl1yd7fk','',2,'2022-02-28 02:50:49','2022-02-28 02:50:49'),(237,'13688669116','','user_mahwf66irm','',2,'2022-02-28 02:50:49','2022-02-28 02:50:49'),(238,'13688669117','','user_tud2i4itlr','',2,'2022-02-28 02:50:49','2022-02-28 02:50:49'),(239,'13688669118','','user_p1s640kfny','',2,'2022-02-28 02:50:49','2022-02-28 02:50:49'),(240,'13688669119','','user_2tyzfj49r6','',2,'2022-02-28 02:50:49','2022-02-28 02:50:49'),(241,'13688669120','','user_wjswilvpou','',2,'2022-02-28 02:50:49','2022-02-28 02:50:49'),(242,'13688669121','','user_yuushg7x44','',2,'2022-02-28 02:50:49','2022-02-28 02:50:49'),(243,'13688669122','','user_pb0fas6tob','',2,'2022-02-28 02:50:49','2022-02-28 02:50:49'),(244,'13688669123','','user_3k4nn4dhuh','',2,'2022-02-28 02:50:49','2022-02-28 02:50:49'),(245,'13688669124','','user_lljtt3ttml','',2,'2022-02-28 02:50:49','2022-02-28 02:50:49'),(246,'13688669125','','user_weftqlsasg','',2,'2022-02-28 02:50:49','2022-02-28 02:50:49'),(247,'13688669126','','user_1lo78exvpl','',2,'2022-02-28 02:50:49','2022-02-28 02:50:49'),(248,'13688669127','','user_qzbukb32cm','',2,'2022-02-28 02:50:49','2022-02-28 02:50:49'),(249,'13688669128','','user_k80i5kfvoj','',2,'2022-02-28 02:50:49','2022-02-28 02:50:49'),(250,'13688669129','','user_ggx53ve2zp','',2,'2022-02-28 02:50:49','2022-02-28 02:50:49'),(251,'13688669130','','user_yz0fmlzjxv','',2,'2022-02-28 02:50:49','2022-02-28 02:50:49'),(252,'13688669131','','user_jh6epyjgiw','',2,'2022-02-28 02:50:49','2022-02-28 02:50:49'),(253,'13688669132','','user_0k0ly383fy','',2,'2022-02-28 02:50:49','2022-02-28 02:50:49'),(254,'13688669133','','user_ibc8pgs2jc','',2,'2022-02-28 02:50:49','2022-02-28 02:50:49'),(255,'13688669134','','user_ys8yxdm6cr','',2,'2022-02-28 02:50:49','2022-02-28 02:50:49'),(256,'13688669135','','user_7zdagyyymi','',2,'2022-02-28 02:50:49','2022-02-28 02:50:49'),(257,'13688669136','','user_9q7fiiqwzm','',2,'2022-02-28 02:50:49','2022-02-28 02:50:49'),(258,'13688669137','','user_64qzvesiku','',2,'2022-02-28 02:50:49','2022-02-28 02:50:49'),(259,'13688669138','','user_5fi8fsc9e5','',2,'2022-02-28 02:50:49','2022-02-28 02:50:49'),(260,'13688669139','','user_1wo4aktp89','',2,'2022-02-28 02:50:49','2022-02-28 02:50:49'),(261,'13688669140','','user_5mis2rucuh','',2,'2022-02-28 02:50:49','2022-02-28 02:50:49'),(262,'13688669141','','user_pghkcw4cog','',2,'2022-02-28 02:50:49','2022-02-28 02:50:49'),(263,'13688669142','','user_ymh7a5t69k','',2,'2022-02-28 02:50:49','2022-02-28 02:50:49'),(264,'13688669143','','user_58qypl26r3','',2,'2022-02-28 02:50:49','2022-02-28 02:50:49'),(265,'13688669144','','user_oknszihfil','',2,'2022-02-28 02:50:49','2022-02-28 02:50:49'),(266,'13688669145','','user_rx5qu0277b','',2,'2022-02-28 02:50:49','2022-02-28 02:50:49'),(267,'13688669146','','user_4mwekx3q8z','',2,'2022-02-28 02:50:49','2022-02-28 02:50:49'),(268,'13688669147','','user_ie9qzfwu27','',2,'2022-02-28 02:50:49','2022-02-28 02:50:49'),(269,'13688669148','','user_l80r6phxur','',2,'2022-02-28 02:50:49','2022-02-28 02:50:49'),(270,'13688669149','','user_np6iqqeuql','',2,'2022-02-28 02:50:49','2022-02-28 02:50:49'),(271,'13688669150','','user_5c27qgw2o3','',2,'2022-02-28 02:50:49','2022-02-28 02:50:49'),(272,'13688669151','','user_ujpa6juatc','',2,'2022-02-28 02:50:49','2022-02-28 02:50:49'),(273,'13688669152','','user_van4fds7cx','',2,'2022-02-28 02:50:49','2022-02-28 02:50:49'),(274,'13688669153','','user_ox11o9krp9','',2,'2022-02-28 02:50:49','2022-02-28 02:50:49'),(275,'13688669154','','user_c7o3u0usf2','',2,'2022-02-28 02:50:49','2022-02-28 02:50:49'),(276,'13688669155','','user_cq7hojlerq','',2,'2022-02-28 02:50:49','2022-02-28 02:50:49'),(277,'13688669156','','user_kphis0ntao','',2,'2022-02-28 02:50:49','2022-02-28 02:50:49'),(278,'13688669157','','user_nd12v2tdpj','',2,'2022-02-28 02:50:49','2022-02-28 02:50:49'),(279,'13688669158','','user_5far04rjm0','',2,'2022-02-28 02:50:49','2022-02-28 02:50:49'),(280,'13688669159','','user_f33abomjs2','',2,'2022-02-28 02:50:49','2022-02-28 02:50:49'),(281,'13688669160','','user_1qty1oyawt','',2,'2022-02-28 02:50:49','2022-02-28 02:50:49'),(282,'13688669161','','user_9l463o7me2','',2,'2022-02-28 02:50:49','2022-02-28 02:50:49'),(283,'13688669162','','user_0seyfs8ou8','',2,'2022-02-28 02:50:49','2022-02-28 02:50:49'),(284,'13688669163','','user_7uhqt2zf11','',2,'2022-02-28 02:50:49','2022-02-28 02:50:49'),(285,'13688669164','','user_wy2jtbkr1t','',2,'2022-02-28 02:50:49','2022-02-28 02:50:49'),(286,'13688669165','','user_yjf1kbl6r8','',2,'2022-02-28 02:50:49','2022-02-28 02:50:49'),(287,'13688669166','','user_r98pel35gn','',2,'2022-02-28 02:50:49','2022-02-28 02:50:49'),(288,'13688669167','','user_u2eg1jcwvz','',2,'2022-02-28 02:50:49','2022-02-28 02:50:49'),(289,'13688669168','','user_5z7d4fr9ye','',2,'2022-02-28 02:50:49','2022-02-28 02:50:49'),(290,'13688669169','','user_kl0p0ku6zv','',2,'2022-02-28 02:50:49','2022-02-28 02:50:49'),(291,'13688669170','','user_dsdocfa64r','',2,'2022-02-28 02:50:49','2022-02-28 02:50:49'),(292,'13688669171','','user_gbygsd03kc','',2,'2022-02-28 02:50:49','2022-02-28 02:50:49'),(293,'13688669172','','user_dj1xqos2is','',2,'2022-02-28 02:50:49','2022-02-28 02:50:49'),(294,'13688669173','','user_il6yctz040','',2,'2022-02-28 02:50:49','2022-02-28 02:50:49'),(295,'13688669174','','user_y4zn043gvj','',2,'2022-02-28 02:50:49','2022-02-28 02:50:49'),(296,'13688669175','','user_oh9tjoxq8c','',2,'2022-02-28 02:50:49','2022-02-28 02:50:49'),(297,'13688669176','','user_6xlq088asi','',2,'2022-02-28 02:50:49','2022-02-28 02:50:49'),(298,'13688669177','','user_0sepghh66s','',2,'2022-02-28 02:50:49','2022-02-28 02:50:49'),(299,'13688669178','','user_dzo7q333x7','',2,'2022-02-28 02:50:49','2022-02-28 02:50:49'),(300,'13688669179','','user_n7j3j68agt','',2,'2022-02-28 02:50:49','2022-02-28 02:50:49'),(301,'13688669180','','user_b99vc3qr3d','',2,'2022-02-28 02:50:49','2022-02-28 02:50:49'),(302,'13688669181','','user_o2uu01ngfw','',2,'2022-02-28 02:50:49','2022-02-28 02:50:49'),(303,'13688669182','','user_q0yy8pvku3','',2,'2022-02-28 02:50:49','2022-02-28 02:50:49'),(304,'13688669183','','user_lipi4iyiv9','',2,'2022-02-28 02:50:49','2022-02-28 02:50:49'),(305,'13688669184','','user_x2dq9i90ms','',2,'2022-02-28 02:50:49','2022-02-28 02:50:49'),(306,'13688669185','','user_bz9twrcx01','',2,'2022-02-28 02:50:49','2022-02-28 02:50:49'),(307,'13688669186','','user_iun0ocev18','',2,'2022-02-28 02:50:49','2022-02-28 02:50:49'),(308,'13688669187','','user_uob3pxr062','',2,'2022-02-28 02:50:49','2022-02-28 02:50:49'),(309,'13688669188','','user_nxuwi8q3n5','',2,'2022-02-28 02:50:49','2022-02-28 02:50:49'),(310,'13688669189','','user_g6si4hwe4r','',2,'2022-02-28 02:50:49','2022-02-28 02:50:49'),(311,'13688669190','','user_v4xud6pxnh','',2,'2022-02-28 02:50:49','2022-02-28 02:50:49'),(312,'13688669191','','user_n3vq5a4c49','',2,'2022-02-28 02:50:49','2022-02-28 02:50:49'),(313,'13688669192','','user_6qdfn8dkja','',2,'2022-02-28 02:50:49','2022-02-28 02:50:49'),(314,'13688669193','','user_872mdw0ibu','',2,'2022-02-28 02:50:49','2022-02-28 02:50:49'),(315,'13688669194','','user_s426pmlnno','',2,'2022-02-28 02:50:49','2022-02-28 02:50:49'),(316,'13688669195','','user_n7d3fcnlqf','',2,'2022-02-28 02:50:49','2022-02-28 02:50:49'),(317,'13688669196','','user_d1euhpgvjt','',2,'2022-02-28 02:50:49','2022-02-28 02:50:49'),(318,'13688669197','','user_luwqlqye4n','',2,'2022-02-28 02:50:49','2022-02-28 02:50:49'),(319,'13688669198','','user_m9khstqle0','',2,'2022-02-28 02:50:49','2022-02-28 02:50:49'),(320,'13688669199','','user_7u54hoeh5p','',2,'2022-02-28 02:50:49','2022-02-28 02:50:49'),(321,'13688669200','','user_hndxi8iyg7','',2,'2022-02-28 02:50:49','2022-02-28 02:50:49'),(322,'13688669201','','user_csagq8b16v','',2,'2022-02-28 02:50:49','2022-02-28 02:50:49'),(323,'13688669202','','user_sa979r5vfr','',2,'2022-02-28 02:50:49','2022-02-28 02:50:49'),(324,'13688669203','','user_gojbeoieko','',2,'2022-02-28 02:50:49','2022-02-28 02:50:49'),(325,'13688669204','','user_vrxmccmk36','',2,'2022-02-28 02:50:49','2022-02-28 02:50:49'),(326,'13688669205','','user_kwzzzxile8','',2,'2022-02-28 02:50:49','2022-02-28 02:50:49'),(327,'13688669206','','user_8ik6wmzcs3','',2,'2022-02-28 02:50:49','2022-02-28 02:50:49'),(328,'13688669207','','user_x9f4po6eok','',2,'2022-02-28 02:50:49','2022-02-28 02:50:49'),(329,'13688669208','','user_vn0g3rywt0','',2,'2022-02-28 02:50:49','2022-02-28 02:50:49'),(330,'13688669209','','user_0h0hqnoqvv','',2,'2022-02-28 02:50:49','2022-02-28 02:50:49'),(331,'13688669210','','user_ne3rvn4cim','',2,'2022-02-28 02:50:49','2022-02-28 02:50:49'),(332,'13688669211','','user_bz20tomja0','',2,'2022-02-28 02:50:49','2022-02-28 02:50:49'),(333,'13688669212','','user_7k5d8324tm','',2,'2022-02-28 02:50:49','2022-02-28 02:50:49'),(334,'13688669213','','user_5va74it1op','',2,'2022-02-28 02:50:49','2022-02-28 02:50:49'),(335,'13688669214','','user_gc21xkfgph','',2,'2022-02-28 02:50:49','2022-02-28 02:50:49'),(336,'13688669215','','user_rv1o0ousua','',2,'2022-02-28 02:50:49','2022-02-28 02:50:49'),(337,'13688669216','','user_lkp3hk0t8q','',2,'2022-02-28 02:50:49','2022-02-28 02:50:49'),(338,'13688669217','','user_e2kjjqo7ee','',2,'2022-02-28 02:50:49','2022-02-28 02:50:49'),(339,'13688669218','','user_ja24gfl42z','',2,'2022-02-28 02:50:49','2022-02-28 02:50:49'),(340,'13688669219','','user_5sxrarxxd2','',2,'2022-02-28 02:50:49','2022-02-28 02:50:49'),(341,'13688669220','','user_lzilfx23jr','',2,'2022-02-28 02:50:49','2022-02-28 02:50:49'),(342,'13688669221','','user_4healeh2sq','',2,'2022-02-28 02:50:49','2022-02-28 02:50:49'),(343,'13688669222','','user_txh60qz6xe','',2,'2022-02-28 02:50:49','2022-02-28 02:50:49'),(344,'13688669223','','user_ofie8fobtu','',2,'2022-02-28 02:50:49','2022-02-28 02:50:49'),(345,'13688669224','','user_wxfngmqndc','',2,'2022-02-28 02:50:49','2022-02-28 02:50:49'),(346,'13688669225','','user_n11kdqn95y','',2,'2022-02-28 02:50:49','2022-02-28 02:50:49'),(347,'13688669226','','user_7b9etto6jl','',2,'2022-02-28 02:50:49','2022-02-28 02:50:49'),(348,'13688669227','','user_sa23n9pacw','',2,'2022-02-28 02:50:49','2022-02-28 02:50:49'),(349,'13688669228','','user_1lhe46upfz','',2,'2022-02-28 02:50:49','2022-02-28 02:50:49'),(350,'13688669229','','user_jioft4gdiu','',2,'2022-02-28 02:50:49','2022-02-28 02:50:49'),(351,'13688669230','','user_jta7ld4vty','',2,'2022-02-28 02:50:49','2022-02-28 02:50:49'),(352,'13688669231','','user_5tkaejhk7g','',2,'2022-02-28 02:50:49','2022-02-28 02:50:49'),(353,'13688669232','','user_fkoe771g9p','',2,'2022-02-28 02:50:49','2022-02-28 02:50:49'),(354,'13688669233','','user_snv802ujrx','',2,'2022-02-28 02:50:49','2022-02-28 02:50:49'),(355,'13688669234','','user_4szkwdl3hw','',2,'2022-02-28 02:50:49','2022-02-28 02:50:49'),(356,'13688669235','','user_qq4cteo33l','',2,'2022-02-28 02:50:49','2022-02-28 02:50:49'),(357,'13688669236','','user_hwn4ofw0dp','',2,'2022-02-28 02:50:49','2022-02-28 02:50:49'),(358,'13688669237','','user_2r4xhcvxp2','',2,'2022-02-28 02:50:49','2022-02-28 02:50:49'),(359,'13688669238','','user_iphgurk3nk','',2,'2022-02-28 02:50:49','2022-02-28 02:50:49'),(360,'13688669239','','user_ih9kbl5kzb','',2,'2022-02-28 02:50:49','2022-02-28 02:50:49'),(361,'13688669240','','user_2odlf3rqex','',2,'2022-02-28 02:50:49','2022-02-28 02:50:49'),(362,'13688669241','','user_i9jalo3ouw','',2,'2022-02-28 02:50:49','2022-02-28 02:50:49'),(363,'13688669242','','user_whbqd8vhr2','',2,'2022-02-28 02:50:49','2022-02-28 02:50:49'),(364,'13688669243','','user_bzlvvy10mp','',2,'2022-02-28 02:50:49','2022-02-28 02:50:49'),(365,'13688669244','','user_pe7y2zyii7','',2,'2022-02-28 02:50:49','2022-02-28 02:50:49'),(366,'13688669245','','user_cnk071ghc7','',2,'2022-02-28 02:50:49','2022-02-28 02:50:49'),(367,'13688669246','','user_21cue7tpm0','',2,'2022-02-28 02:50:49','2022-02-28 02:50:49'),(368,'13688669247','','user_nidneujm1x','',2,'2022-02-28 02:50:49','2022-02-28 02:50:49'),(369,'13688669248','','user_tx2y3v0pb0','',2,'2022-02-28 02:50:49','2022-02-28 02:50:49'),(370,'13688669249','','user_i8ikz0nufr','',2,'2022-02-28 02:50:49','2022-02-28 02:50:49'),(371,'13688669250','','user_omq8bsw2ij','',2,'2022-02-28 02:50:49','2022-02-28 02:50:49'),(372,'13688669251','','user_ffpuo977gj','',2,'2022-02-28 02:50:49','2022-02-28 02:50:49'),(373,'13688669252','','user_jcgx7mukv0','',2,'2022-02-28 02:50:49','2022-02-28 02:50:49'),(374,'13688669253','','user_gn6k43jfx8','',2,'2022-02-28 02:50:49','2022-02-28 02:50:49'),(375,'13688669254','','user_esfv726lun','',2,'2022-02-28 02:50:49','2022-02-28 02:50:49'),(376,'13688669255','','user_l7vh3qyhnk','',2,'2022-02-28 02:50:49','2022-02-28 02:50:49'),(377,'13688669256','','user_aqo9nsp13v','',2,'2022-02-28 02:50:49','2022-02-28 02:50:49'),(378,'13688669257','','user_45z1cjwo34','',2,'2022-02-28 02:50:49','2022-02-28 02:50:49'),(379,'13688669258','','user_cukuugiquc','',2,'2022-02-28 02:50:49','2022-02-28 02:50:49'),(380,'13688669259','','user_cmzben5ql1','',2,'2022-02-28 02:50:49','2022-02-28 02:50:49'),(381,'13688669260','','user_fm136hckhd','',2,'2022-02-28 02:50:49','2022-02-28 02:50:49'),(382,'13688669261','','user_4neww35d6t','',2,'2022-02-28 02:50:49','2022-02-28 02:50:49'),(383,'13688669262','','user_p4e2t04dl0','',2,'2022-02-28 02:50:49','2022-02-28 02:50:49'),(384,'13688669263','','user_3s22mzjlgl','',2,'2022-02-28 02:50:49','2022-02-28 02:50:49'),(385,'13688669264','','user_kf0pbo00lp','',2,'2022-02-28 02:50:49','2022-02-28 02:50:49'),(386,'13688669265','','user_7tan2lj2jn','',2,'2022-02-28 02:50:49','2022-02-28 02:50:49'),(387,'13688669266','','user_w88q6nof2r','',2,'2022-02-28 02:50:50','2022-02-28 02:50:50'),(388,'13688669267','','user_9aze983wkj','',2,'2022-02-28 02:50:50','2022-02-28 02:50:50'),(389,'13688669268','','user_wtioxpbho1','',2,'2022-02-28 02:50:50','2022-02-28 02:50:50'),(390,'13688669269','','user_yf70g0cjfu','',2,'2022-02-28 02:50:50','2022-02-28 02:50:50'),(391,'13688669270','','user_i1w18vru0l','',2,'2022-02-28 02:50:50','2022-02-28 02:50:50'),(392,'13688669271','','user_6lr3w5npe5','',2,'2022-02-28 02:50:50','2022-02-28 02:50:50'),(393,'13688669272','','user_9n8rjbb9gp','',2,'2022-02-28 02:50:50','2022-02-28 02:50:50'),(394,'13688669273','','user_fe3u4g7p1f','',2,'2022-02-28 02:50:50','2022-02-28 02:50:50'),(395,'13688669274','','user_618vib46zb','',2,'2022-02-28 02:50:50','2022-02-28 02:50:50'),(396,'13688669275','','user_mj4b8uxpu3','',2,'2022-02-28 02:50:50','2022-02-28 02:50:50'),(397,'13688669276','','user_3jq7brld6h','',2,'2022-02-28 02:50:50','2022-02-28 02:50:50'),(398,'13688669277','','user_8577262ob3','',2,'2022-02-28 02:50:50','2022-02-28 02:50:50'),(399,'13688669278','','user_x63u1e3sap','',2,'2022-02-28 02:50:50','2022-02-28 02:50:50'),(400,'13688669279','','user_o2c2l1j9zs','',2,'2022-02-28 02:50:50','2022-02-28 02:50:50'),(401,'13688669280','','user_rtupie4qut','',2,'2022-02-28 02:50:50','2022-02-28 02:50:50'),(402,'13688669281','','user_othsv0bkha','',2,'2022-02-28 02:50:50','2022-02-28 02:50:50'),(403,'13688669282','','user_4wqa1vn3kw','',2,'2022-02-28 02:50:50','2022-02-28 02:50:50'),(404,'13688669283','','user_xmhuythdnn','',2,'2022-02-28 02:50:50','2022-02-28 02:50:50'),(405,'13688669284','','user_alzyibl549','',2,'2022-02-28 02:50:50','2022-02-28 02:50:50'),(406,'13688669285','','user_3nhqsa0htg','',2,'2022-02-28 02:50:50','2022-02-28 02:50:50'),(407,'13688669286','','user_vn81ys9n64','',2,'2022-02-28 02:50:50','2022-02-28 02:50:50'),(408,'13688669287','','user_iz6t7kpxz2','',2,'2022-02-28 02:50:50','2022-02-28 02:50:50'),(409,'13688669288','','user_7gnmjhg1rh','',2,'2022-02-28 02:50:50','2022-02-28 02:50:50'),(410,'13688669289','','user_r2i71mq5lk','',2,'2022-02-28 02:50:50','2022-02-28 02:50:50'),(411,'13688669290','','user_gevxv4bfda','',2,'2022-02-28 02:50:50','2022-02-28 02:50:50'),(412,'13688669291','','user_hqneva0vaz','',2,'2022-02-28 02:50:50','2022-02-28 02:50:50'),(413,'13688669292','','user_8fvquxjm0t','',2,'2022-02-28 02:50:50','2022-02-28 02:50:50'),(414,'13688669293','','user_9u8dxzs9nk','',2,'2022-02-28 02:50:50','2022-02-28 02:50:50'),(415,'13688669294','','user_8mwcrg9ez9','',2,'2022-02-28 02:50:50','2022-02-28 02:50:50'),(416,'13688669295','','user_erzqptr80b','',2,'2022-02-28 02:50:50','2022-02-28 02:50:50'),(417,'13688669296','','user_97xgccgwaf','',2,'2022-02-28 02:50:50','2022-02-28 02:50:50'),(418,'13688669297','','user_5rz6s0zuoh','',2,'2022-02-28 02:50:50','2022-02-28 02:50:50'),(419,'13688669298','','user_8o7cg6rp05','',2,'2022-02-28 02:50:50','2022-02-28 02:50:50'),(420,'13688669299','','user_rhftetybs4','',2,'2022-02-28 02:50:50','2022-02-28 02:50:50'),(421,'13688669300','','user_mjh9uzi92z','',2,'2022-02-28 02:50:50','2022-02-28 02:50:50'),(422,'13688669301','','user_bvaub566b3','',2,'2022-02-28 02:50:50','2022-02-28 02:50:50'),(423,'13688669302','','user_e97b0z12jc','',2,'2022-02-28 02:50:50','2022-02-28 02:50:50'),(424,'13688669303','','user_mcc1pteaw5','',2,'2022-02-28 02:50:50','2022-02-28 02:50:50'),(425,'13688669304','','user_gz1ymib0dl','',2,'2022-02-28 02:50:50','2022-02-28 02:50:50'),(426,'13688669305','','user_owszpn6jem','',2,'2022-02-28 02:50:50','2022-02-28 02:50:50'),(427,'13688669306','','user_nyqxiekdus','',2,'2022-02-28 02:50:50','2022-02-28 02:50:50'),(428,'13688669307','','user_ilr27xnuxu','',2,'2022-02-28 02:50:50','2022-02-28 02:50:50'),(429,'13688669308','','user_mhzftdfxi4','',2,'2022-02-28 02:50:50','2022-02-28 02:50:50'),(430,'13688669309','','user_kavgc8r8f6','',2,'2022-02-28 02:50:50','2022-02-28 02:50:50'),(431,'13688669310','','user_svztbpgr9w','',2,'2022-02-28 02:50:50','2022-02-28 02:50:50'),(432,'13688669311','','user_fdjhoysgy8','',2,'2022-02-28 02:50:50','2022-02-28 02:50:50'),(433,'13688669312','','user_drssks7627','',2,'2022-02-28 02:50:50','2022-02-28 02:50:50'),(434,'13688669313','','user_53kuim78p1','',2,'2022-02-28 02:50:50','2022-02-28 02:50:50'),(435,'13688669314','','user_tpjaw9ygl6','',2,'2022-02-28 02:50:50','2022-02-28 02:50:50'),(436,'13688669315','','user_zlj9ao4lbw','',2,'2022-02-28 02:50:50','2022-02-28 02:50:50'),(437,'13688669316','','user_9nsckyz0k8','',2,'2022-02-28 02:50:50','2022-02-28 02:50:50'),(438,'13688669317','','user_rkyjx5n0k9','',2,'2022-02-28 02:50:50','2022-02-28 02:50:50'),(439,'13688669318','','user_e47mr17jmo','',2,'2022-02-28 02:50:50','2022-02-28 02:50:50'),(440,'13688669319','','user_gdouwxu8bm','',2,'2022-02-28 02:50:50','2022-02-28 02:50:50'),(441,'13688669320','','user_7odu05tcri','',2,'2022-02-28 02:50:50','2022-02-28 02:50:50'),(442,'13688669321','','user_x6dga1y84j','',2,'2022-02-28 02:50:50','2022-02-28 02:50:50'),(443,'13688669322','','user_ubzwoytroz','',2,'2022-02-28 02:50:50','2022-02-28 02:50:50'),(444,'13688669323','','user_brivojp5b1','',2,'2022-02-28 02:50:50','2022-02-28 02:50:50'),(445,'13688669324','','user_q5sluitgii','',2,'2022-02-28 02:50:50','2022-02-28 02:50:50'),(446,'13688669325','','user_bbqazzzawl','',2,'2022-02-28 02:50:50','2022-02-28 02:50:50'),(447,'13688669326','','user_82fbd0oo0u','',2,'2022-02-28 02:50:50','2022-02-28 02:50:50'),(448,'13688669327','','user_87ft14as7t','',2,'2022-02-28 02:50:50','2022-02-28 02:50:50'),(449,'13688669328','','user_diabg787km','',2,'2022-02-28 02:50:50','2022-02-28 02:50:50'),(450,'13688669329','','user_oo1gf0pxln','',2,'2022-02-28 02:50:50','2022-02-28 02:50:50'),(451,'13688669330','','user_4fc1q8u2f3','',2,'2022-02-28 02:50:50','2022-02-28 02:50:50'),(452,'13688669331','','user_hgny53jwpn','',2,'2022-02-28 02:50:50','2022-02-28 02:50:50'),(453,'13688669332','','user_5m75miuy6r','',2,'2022-02-28 02:50:50','2022-02-28 02:50:50'),(454,'13688669333','','user_qx5ohjcayd','',2,'2022-02-28 02:50:50','2022-02-28 02:50:50'),(455,'13688669334','','user_cff2zkpu62','',2,'2022-02-28 02:50:50','2022-02-28 02:50:50'),(456,'13688669335','','user_dsb1rk9dsr','',2,'2022-02-28 02:50:50','2022-02-28 02:50:50'),(457,'13688669336','','user_50h3ylhjnz','',2,'2022-02-28 02:50:50','2022-02-28 02:50:50'),(458,'13688669337','','user_i02f5rjdab','',2,'2022-02-28 02:50:50','2022-02-28 02:50:50'),(459,'13688669338','','user_3vwdqpif1l','',2,'2022-02-28 02:50:50','2022-02-28 02:50:50'),(460,'13688669339','','user_g6xewzg33w','',2,'2022-02-28 02:50:50','2022-02-28 02:50:50'),(461,'13688669340','','user_63u60u6o7f','',2,'2022-02-28 02:50:50','2022-02-28 02:50:50'),(462,'13688669341','','user_m6ikxcr92q','',2,'2022-02-28 02:50:50','2022-02-28 02:50:50'),(463,'13688669342','','user_yzd5lmecur','',2,'2022-02-28 02:50:50','2022-02-28 02:50:50'),(464,'13688669343','','user_m3163uc9al','',2,'2022-02-28 02:50:50','2022-02-28 02:50:50'),(465,'13688669344','','user_1x6f94jq0v','',2,'2022-02-28 02:50:50','2022-02-28 02:50:50'),(466,'13688669345','','user_keo0udy60g','',2,'2022-02-28 02:50:50','2022-02-28 02:50:50'),(467,'13688669346','','user_87y52es2uw','',2,'2022-02-28 02:50:50','2022-02-28 02:50:50'),(468,'13688669347','','user_1zkkz9j0e6','',2,'2022-02-28 02:50:50','2022-02-28 02:50:50'),(469,'13688669348','','user_baznwk8x5q','',2,'2022-02-28 02:50:50','2022-02-28 02:50:50'),(470,'13688669349','','user_b4hnhsmpxw','',2,'2022-02-28 02:50:50','2022-02-28 02:50:50'),(471,'13688669350','','user_1hr6wbd939','',2,'2022-02-28 02:50:50','2022-02-28 02:50:50'),(472,'13688669351','','user_4w7dhr290a','',2,'2022-02-28 02:50:50','2022-02-28 02:50:50'),(473,'13688669352','','user_tkxg6jo3xa','',2,'2022-02-28 02:50:50','2022-02-28 02:50:50'),(474,'13688669353','','user_saosjqptnq','',2,'2022-02-28 02:50:50','2022-02-28 02:50:50'),(475,'13688669354','','user_wjge9hxzfv','',2,'2022-02-28 02:50:50','2022-02-28 02:50:50'),(476,'13688669355','','user_8ex8ynmec4','',2,'2022-02-28 02:50:50','2022-02-28 02:50:50'),(477,'13688669356','','user_beih06msot','',2,'2022-02-28 02:50:50','2022-02-28 02:50:50'),(478,'13688669357','','user_e4tuso2fad','',2,'2022-02-28 02:50:50','2022-02-28 02:50:50'),(479,'13688669358','','user_iolxs2wbfs','',2,'2022-02-28 02:50:50','2022-02-28 02:50:50'),(480,'13688669359','','user_5trre9akf1','',2,'2022-02-28 02:50:50','2022-02-28 02:50:50'),(481,'13688669360','','user_y3l832hamq','',2,'2022-02-28 02:50:50','2022-02-28 02:50:50'),(482,'13688669361','','user_gs7kvt65y8','',2,'2022-02-28 02:50:50','2022-02-28 02:50:50'),(483,'13688669362','','user_8rda39nfpx','',2,'2022-02-28 02:50:50','2022-02-28 02:50:50'),(484,'13688669363','','user_wix6t6g14l','',2,'2022-02-28 02:50:50','2022-02-28 02:50:50'),(485,'13688669364','','user_s2k023vtn7','',2,'2022-02-28 02:50:50','2022-02-28 02:50:50'),(486,'13688669365','','user_qc3nhavb9f','',2,'2022-02-28 02:50:50','2022-02-28 02:50:50'),(487,'13688669366','','user_98eoecfe9s','',2,'2022-02-28 02:50:50','2022-02-28 02:50:50'),(488,'13688669367','','user_kknik7xw80','',2,'2022-02-28 02:50:50','2022-02-28 02:50:50'),(489,'13688669368','','user_17d7bifhpp','',2,'2022-02-28 02:50:50','2022-02-28 02:50:50'),(490,'13688669369','','user_04vbus432n','',2,'2022-02-28 02:50:50','2022-02-28 02:50:50'),(491,'13688669370','','user_3e1xl0tvss','',2,'2022-02-28 02:50:50','2022-02-28 02:50:50'),(492,'13688669371','','user_jpvv20rmfk','',2,'2022-02-28 02:50:50','2022-02-28 02:50:50'),(493,'13688669372','','user_51jd3tfl3e','',2,'2022-02-28 02:50:50','2022-02-28 02:50:50'),(494,'13688669373','','user_agt44szvcb','',2,'2022-02-28 02:50:50','2022-02-28 02:50:50'),(495,'13688669374','','user_pr7icguenq','',2,'2022-02-28 02:50:50','2022-02-28 02:50:50'),(496,'13688669375','','user_2jl0qaecm0','',2,'2022-02-28 02:50:50','2022-02-28 02:50:50'),(497,'13688669376','','user_m1fxzx8i0u','',2,'2022-02-28 02:50:50','2022-02-28 02:50:50'),(498,'13688669377','','user_fh7a1j0vaz','',2,'2022-02-28 02:50:50','2022-02-28 02:50:50'),(499,'13688669378','','user_ty7afbm01v','',2,'2022-02-28 02:50:50','2022-02-28 02:50:50'),(500,'13688669379','','user_bwazk1tt71','',2,'2022-02-28 02:50:50','2022-02-28 02:50:50'),(501,'13688669380','','user_c1wrwmqzfi','',2,'2022-02-28 02:50:50','2022-02-28 02:50:50'),(502,'13688669381','','user_nbfyg2pfql','',2,'2022-02-28 02:50:50','2022-02-28 02:50:50'),(503,'13688669382','','user_h85lj9y0jy','',2,'2022-02-28 02:50:50','2022-02-28 02:50:50'),(504,'13688669383','','user_e0r5gg439j','',2,'2022-02-28 02:50:50','2022-02-28 02:50:50'),(505,'13688669384','','user_k0s8h8v8wt','',2,'2022-02-28 02:50:50','2022-02-28 02:50:50'),(506,'13688669385','','user_0v423qhiz2','',2,'2022-02-28 02:50:50','2022-02-28 02:50:50'),(507,'13688669386','','user_zgze48neoq','',2,'2022-02-28 02:50:50','2022-02-28 02:50:50'),(508,'13688669387','','user_un4nppmh7k','',2,'2022-02-28 02:50:50','2022-02-28 02:50:50'),(509,'13688669388','','user_knr2flv5mr','',2,'2022-02-28 02:50:50','2022-02-28 02:50:50'),(510,'13688669389','','user_cvhg3r8aqj','',2,'2022-02-28 02:50:50','2022-02-28 02:50:50'),(511,'13688669390','','user_92xh46mlff','',2,'2022-02-28 02:50:50','2022-02-28 02:50:50'),(512,'13688669391','','user_vhp8pxmhk6','',2,'2022-02-28 02:50:50','2022-02-28 02:50:50'),(513,'13688669392','','user_hc4c7z9y3k','',2,'2022-02-28 02:50:50','2022-02-28 02:50:50'),(514,'13688669393','','user_03ikpqtn96','',2,'2022-02-28 02:50:50','2022-02-28 02:50:50'),(515,'13688669394','','user_g0l23kj1ta','',2,'2022-02-28 02:50:50','2022-02-28 02:50:50'),(516,'13688669395','','user_hdd1qkfbjy','',2,'2022-02-28 02:50:50','2022-02-28 02:50:50'),(517,'13688669396','','user_vmc478haq2','',2,'2022-02-28 02:50:50','2022-02-28 02:50:50'),(518,'13688669397','','user_g16kk9w1jp','',2,'2022-02-28 02:50:50','2022-02-28 02:50:50'),(519,'13688669398','','user_vlviloabak','',2,'2022-02-28 02:50:50','2022-02-28 02:50:50'),(520,'13688669399','','user_f4t9c9x0qs','',2,'2022-02-28 02:50:50','2022-02-28 02:50:50'),(521,'13688669400','','user_uhd0vskqux','',2,'2022-02-28 02:50:50','2022-02-28 02:50:50'),(522,'13688669401','','user_uidqqwety9','',2,'2022-02-28 02:50:50','2022-02-28 02:50:50'),(523,'13688669402','','user_ijqz4fb077','',2,'2022-02-28 02:50:50','2022-02-28 02:50:50'),(524,'13688669403','','user_d16wfogt38','',2,'2022-02-28 02:50:50','2022-02-28 02:50:50'),(525,'13688669404','','user_50cj7qxejp','',2,'2022-02-28 02:50:50','2022-02-28 02:50:50'),(526,'13688669405','','user_w0mawjfxbf','',2,'2022-02-28 02:50:50','2022-02-28 02:50:50'),(527,'13688669406','','user_vihcs8gddy','',2,'2022-02-28 02:50:50','2022-02-28 02:50:50'),(528,'13688669407','','user_1io84j51kb','',2,'2022-02-28 02:50:50','2022-02-28 02:50:50'),(529,'13688669408','','user_sac23jn0ct','',2,'2022-02-28 02:50:50','2022-02-28 02:50:50'),(530,'13688669409','','user_84saoi0eaq','',2,'2022-02-28 02:50:50','2022-02-28 02:50:50'),(531,'13688669410','','user_bqfd0lusff','',2,'2022-02-28 02:50:50','2022-02-28 02:50:50'),(532,'13688669411','','user_a717jzadbk','',2,'2022-02-28 02:50:50','2022-02-28 02:50:50'),(533,'13688669412','','user_3e6nd805yp','',2,'2022-02-28 02:50:50','2022-02-28 02:50:50'),(534,'13688669413','','user_bgkv3zjjsy','',2,'2022-02-28 02:50:50','2022-02-28 02:50:50'),(535,'13688669414','','user_4lzfuo6hcl','',2,'2022-02-28 02:50:50','2022-02-28 02:50:50'),(536,'13688669415','','user_y748pleoq8','',2,'2022-02-28 02:50:50','2022-02-28 02:50:50'),(537,'13688669416','','user_ciyuki97of','',2,'2022-02-28 02:50:50','2022-02-28 02:50:50'),(538,'13688669417','','user_kaulf89rnl','',2,'2022-02-28 02:50:50','2022-02-28 02:50:50'),(539,'13688669418','','user_h0dan7ux0u','',2,'2022-02-28 02:50:50','2022-02-28 02:50:50'),(540,'13688669419','','user_fvmx4u2re0','',2,'2022-02-28 02:50:50','2022-02-28 02:50:50'),(541,'13688669420','','user_njomftlkps','',2,'2022-02-28 02:50:50','2022-02-28 02:50:50'),(542,'13688669421','','user_2ezx5lxtc4','',2,'2022-02-28 02:50:50','2022-02-28 02:50:50'),(543,'13688669422','','user_161mxzchbt','',2,'2022-02-28 02:50:50','2022-02-28 02:50:50'),(544,'13688669423','','user_f8e3enit63','',2,'2022-02-28 02:50:50','2022-02-28 02:50:50'),(545,'13688669424','','user_j1ygvb30zr','',2,'2022-02-28 02:50:50','2022-02-28 02:50:50'),(546,'13688669425','','user_lskpl9geya','',2,'2022-02-28 02:50:50','2022-02-28 02:50:50'),(547,'13688669426','','user_feww9njnhi','',2,'2022-02-28 02:50:50','2022-02-28 02:50:50'),(548,'13688669427','','user_e8x6u5i9ca','',2,'2022-02-28 02:50:50','2022-02-28 02:50:50'),(549,'13688669428','','user_17al8oqa4w','',2,'2022-02-28 02:50:50','2022-02-28 02:50:50'),(550,'13688669429','','user_nbo1m8bazt','',2,'2022-02-28 02:50:50','2022-02-28 02:50:50'),(551,'13688669430','','user_rqfyp2isyr','',2,'2022-02-28 02:50:50','2022-02-28 02:50:50'),(552,'13688669431','','user_epr1i52q5x','',2,'2022-02-28 02:50:50','2022-02-28 02:50:50'),(553,'13688669432','','user_x154dr8sch','',2,'2022-02-28 02:50:50','2022-02-28 02:50:50'),(554,'13688669433','','user_i5lvnupsu6','',2,'2022-02-28 02:50:50','2022-02-28 02:50:50'),(555,'13688669434','','user_qsnre265gc','',2,'2022-02-28 02:50:50','2022-02-28 02:50:50'),(556,'13688669435','','user_7f3zwt1uso','',2,'2022-02-28 02:50:50','2022-02-28 02:50:50'),(557,'13688669436','','user_qgkrbv1r7p','',2,'2022-02-28 02:50:50','2022-02-28 02:50:50'),(558,'13688669437','','user_b39j58u8ql','',2,'2022-02-28 02:50:50','2022-02-28 02:50:50'),(559,'13688669438','','user_wby0tn39v5','',2,'2022-02-28 02:50:50','2022-02-28 02:50:50'),(560,'13688669439','','user_9vt11wm6wb','',2,'2022-02-28 02:50:50','2022-02-28 02:50:50'),(561,'13688669440','','user_y4rokt5rzh','',2,'2022-02-28 02:50:50','2022-02-28 02:50:50'),(562,'13688669441','','user_lyarwzepjm','',2,'2022-02-28 02:50:50','2022-02-28 02:50:50'),(563,'13688669442','','user_er844jel5s','',2,'2022-02-28 02:50:50','2022-02-28 02:50:50'),(564,'13688669443','','user_2gkdrbu7rd','',2,'2022-02-28 02:50:50','2022-02-28 02:50:50'),(565,'13688669444','','user_fnks15rgap','',2,'2022-02-28 02:50:50','2022-02-28 02:50:50'),(566,'13688669445','','user_fe79dtlbf3','',2,'2022-02-28 02:50:50','2022-02-28 02:50:50'),(567,'13688669446','','user_jrl1kdhopy','',2,'2022-02-28 02:50:51','2022-02-28 02:50:51'),(568,'13688669447','','user_p5h5hfw0h5','',2,'2022-02-28 02:50:51','2022-02-28 02:50:51'),(569,'13688669448','','user_756lckggox','',2,'2022-02-28 02:50:51','2022-02-28 02:50:51'),(570,'13688669449','','user_9w56lad204','',2,'2022-02-28 02:50:51','2022-02-28 02:50:51'),(571,'13688669450','','user_kjfvuonq64','',2,'2022-02-28 02:50:51','2022-02-28 02:50:51'),(572,'13688669451','','user_k1i16oya8x','',2,'2022-02-28 02:50:51','2022-02-28 02:50:51'),(573,'13688669452','','user_z4wz2wq9oj','',2,'2022-02-28 02:50:51','2022-02-28 02:50:51'),(574,'13688669453','','user_jotms6c1vz','',2,'2022-02-28 02:50:51','2022-02-28 02:50:51'),(575,'13688669454','','user_29iu6j1olp','',2,'2022-02-28 02:50:51','2022-02-28 02:50:51'),(576,'13688669455','','user_rfkqpu7bs1','',2,'2022-02-28 02:50:51','2022-02-28 02:50:51'),(577,'13688669456','','user_yecqp8c38k','',2,'2022-02-28 02:50:51','2022-02-28 02:50:51'),(578,'13688669457','','user_1mbkrz4rng','',2,'2022-02-28 02:50:51','2022-02-28 02:50:51'),(579,'13688669458','','user_bx6h4wu47y','',2,'2022-02-28 02:50:51','2022-02-28 02:50:51'),(580,'13688669459','','user_usub0nsxez','',2,'2022-02-28 02:50:51','2022-02-28 02:50:51'),(581,'13688669460','','user_2vvxjpuwgr','',2,'2022-02-28 02:50:51','2022-02-28 02:50:51'),(582,'13688669461','','user_9tmhy4nfm1','',2,'2022-02-28 02:50:51','2022-02-28 02:50:51'),(583,'13688669462','','user_q1gyjoatnm','',2,'2022-02-28 02:50:51','2022-02-28 02:50:51'),(584,'13688669463','','user_vaqe3soyoz','',2,'2022-02-28 02:50:51','2022-02-28 02:50:51'),(585,'13688669464','','user_bz81fj51ul','',2,'2022-02-28 02:50:51','2022-02-28 02:50:51'),(586,'13688669465','','user_pwp8w2oife','',2,'2022-02-28 02:50:51','2022-02-28 02:50:51'),(587,'13688669466','','user_6i8a8jpc4a','',2,'2022-02-28 02:50:51','2022-02-28 02:50:51'),(588,'13688669467','','user_e19oms872y','',2,'2022-02-28 02:50:51','2022-02-28 02:50:51'),(589,'13688669468','','user_7jnvjujuk5','',2,'2022-02-28 02:50:51','2022-02-28 02:50:51'),(590,'13688669469','','user_1brabvuxfp','',2,'2022-02-28 02:50:51','2022-02-28 02:50:51'),(591,'13688669470','','user_w25xjchkmt','',2,'2022-02-28 02:50:51','2022-02-28 02:50:51'),(592,'13688669471','','user_qc38678j1q','',2,'2022-02-28 02:50:51','2022-02-28 02:50:51'),(593,'13688669472','','user_5wqfc087pg','',2,'2022-02-28 02:50:51','2022-02-28 02:50:51'),(594,'13688669473','','user_l921wy6ghf','',2,'2022-02-28 02:50:51','2022-02-28 02:50:51'),(595,'13688669474','','user_qgdwy1c8ya','',2,'2022-02-28 02:50:51','2022-02-28 02:50:51'),(596,'13688669475','','user_2ftowbar49','',2,'2022-02-28 02:50:51','2022-02-28 02:50:51'),(597,'13688669476','','user_e0rqhfdde9','',2,'2022-02-28 02:50:51','2022-02-28 02:50:51'),(598,'13688669477','','user_vpswd32xps','',2,'2022-02-28 02:50:51','2022-02-28 02:50:51'),(599,'13688669478','','user_ec479wdojq','',2,'2022-02-28 02:50:51','2022-02-28 02:50:51'),(600,'13688669479','','user_6kz95u775k','',2,'2022-02-28 02:50:51','2022-02-28 02:50:51'),(601,'13688669480','','user_iyyh1jdjvk','',2,'2022-02-28 02:50:51','2022-02-28 02:50:51'),(602,'13688669481','','user_jbv97r3zcf','',2,'2022-02-28 02:50:51','2022-02-28 02:50:51'),(603,'13688669482','','user_1t7nmmwx2g','',2,'2022-02-28 02:50:51','2022-02-28 02:50:51'),(604,'13688669483','','user_fb8j6mb1cn','',2,'2022-02-28 02:50:51','2022-02-28 02:50:51'),(605,'13688669484','','user_ld0b3fd8uk','',2,'2022-02-28 02:50:51','2022-02-28 02:50:51'),(606,'13688669485','','user_sv8tt0fhb0','',2,'2022-02-28 02:50:51','2022-02-28 02:50:51'),(607,'13688669486','','user_ovqhhaqzfs','',2,'2022-02-28 02:50:51','2022-02-28 02:50:51'),(608,'13688669487','','user_mdybbx800t','',2,'2022-02-28 02:50:51','2022-02-28 02:50:51'),(609,'13688669488','','user_dy1n5yoxhv','',2,'2022-02-28 02:50:51','2022-02-28 02:50:51'),(610,'13688669489','','user_xefu4y7d2d','',2,'2022-02-28 02:50:51','2022-02-28 02:50:51'),(611,'13688669490','','user_4aun9z96dn','',2,'2022-02-28 02:50:51','2022-02-28 02:50:51'),(612,'13688669491','','user_guva8ofunq','',2,'2022-02-28 02:50:51','2022-02-28 02:50:51'),(613,'13688669492','','user_6l4gzaotnf','',2,'2022-02-28 02:50:51','2022-02-28 02:50:51'),(614,'13688669493','','user_ngbcy6a2zk','',2,'2022-02-28 02:50:51','2022-02-28 02:50:51'),(615,'13688669494','','user_dqqj7ti3pd','',2,'2022-02-28 02:50:51','2022-02-28 02:50:51'),(616,'13688669495','','user_5zq4rzlbik','',2,'2022-02-28 02:50:51','2022-02-28 02:50:51'),(617,'13688669496','','user_7e0qi512hf','',2,'2022-02-28 02:50:51','2022-02-28 02:50:51'),(618,'13688669497','','user_jpmnhzwesi','',2,'2022-02-28 02:50:51','2022-02-28 02:50:51'),(619,'13688669498','','user_00xb9uvv0m','',2,'2022-02-28 02:50:51','2022-02-28 02:50:51'),(620,'13688669499','','user_nxn2ldt3gl','',2,'2022-02-28 02:50:51','2022-02-28 02:50:51'),(621,'13688669500','','user_cyd1a9zfqw','',2,'2022-02-28 02:50:51','2022-02-28 02:50:51'),(622,'13688669501','','user_0nhklq4xie','',2,'2022-02-28 02:50:51','2022-02-28 02:50:51'),(623,'13688669502','','user_rtf3z1wptn','',2,'2022-02-28 02:50:51','2022-02-28 02:50:51'),(624,'13688669503','','user_ov4uix8csm','',2,'2022-02-28 02:50:51','2022-02-28 02:50:51'),(625,'13688669504','','user_lxi5i68cdf','',2,'2022-02-28 02:50:51','2022-02-28 02:50:51'),(626,'13688669505','','user_do1slgl1ph','',2,'2022-02-28 02:50:51','2022-02-28 02:50:51'),(627,'13688669506','','user_qj8pbsjpl5','',2,'2022-02-28 02:50:51','2022-02-28 02:50:51'),(628,'13688669507','','user_ygrl56l48d','',2,'2022-02-28 02:50:51','2022-02-28 02:50:51'),(629,'13688669508','','user_maynz9h3vn','',2,'2022-02-28 02:50:51','2022-02-28 02:50:51'),(630,'13688669509','','user_m7qnvuej5k','',2,'2022-02-28 02:50:51','2022-02-28 02:50:51'),(631,'13688669510','','user_ceg7kezzrd','',2,'2022-02-28 02:50:51','2022-02-28 02:50:51'),(632,'13688669511','','user_v7ky9w9v6f','',2,'2022-02-28 02:50:51','2022-02-28 02:50:51'),(633,'13688669512','','user_kk8rzbittq','',2,'2022-02-28 02:50:51','2022-02-28 02:50:51'),(634,'13688669513','','user_mskczihgi8','',2,'2022-02-28 02:50:51','2022-02-28 02:50:51'),(635,'13688669514','','user_0tmadlzf1j','',2,'2022-02-28 02:50:51','2022-02-28 02:50:51'),(636,'13688669515','','user_oeui72807w','',2,'2022-02-28 02:50:51','2022-02-28 02:50:51'),(637,'13688669516','','user_ad49besbbs','',2,'2022-02-28 02:50:51','2022-02-28 02:50:51'),(638,'13688669517','','user_huzzpviaax','',2,'2022-02-28 02:50:51','2022-02-28 02:50:51'),(639,'13688669518','','user_b0p11t8qon','',2,'2022-02-28 02:50:51','2022-02-28 02:50:51'),(640,'13688669519','','user_14k8fje63n','',2,'2022-02-28 02:50:51','2022-02-28 02:50:51'),(641,'13688669520','','user_bl5rc085pr','',2,'2022-02-28 02:50:51','2022-02-28 02:50:51'),(642,'13688669521','','user_938covh4nt','',2,'2022-02-28 02:50:51','2022-02-28 02:50:51'),(643,'13688669522','','user_olt9qfefvw','',2,'2022-02-28 02:50:51','2022-02-28 02:50:51'),(644,'13688669523','','user_bhkdwtkfdg','',2,'2022-02-28 02:50:51','2022-02-28 02:50:51'),(645,'13688669524','','user_we6790rc8v','',2,'2022-02-28 02:50:51','2022-02-28 02:50:51'),(646,'13688669525','','user_wqmiqbrj3a','',2,'2022-02-28 02:50:51','2022-02-28 02:50:51'),(647,'13688669526','','user_ccdo9ncgzt','',2,'2022-02-28 02:50:51','2022-02-28 02:50:51'),(648,'13688669527','','user_pk3l58b3cf','',2,'2022-02-28 02:50:51','2022-02-28 02:50:51'),(649,'13688669528','','user_meqr7dxbog','',2,'2022-02-28 02:50:51','2022-02-28 02:50:51'),(650,'13688669529','','user_x70v1uaf0g','',2,'2022-02-28 02:50:51','2022-02-28 02:50:51'),(651,'13688669530','','user_yijawdxi8k','',2,'2022-02-28 02:50:51','2022-02-28 02:50:51'),(652,'13688669531','','user_qlv8jnv927','',2,'2022-02-28 02:50:51','2022-02-28 02:50:51'),(653,'13688669532','','user_2tkj1s7aex','',2,'2022-02-28 02:50:51','2022-02-28 02:50:51'),(654,'13688669533','','user_5vbfw1gln6','',2,'2022-02-28 02:50:51','2022-02-28 02:50:51'),(655,'13688669534','','user_zseyyi59z2','',2,'2022-02-28 02:50:51','2022-02-28 02:50:51'),(656,'13688669535','','user_8ch1tq5bfp','',2,'2022-02-28 02:50:51','2022-02-28 02:50:51'),(657,'13688669536','','user_gdgb5nbkqn','',2,'2022-02-28 02:50:51','2022-02-28 02:50:51'),(658,'13688669537','','user_rr5448qo4l','',2,'2022-02-28 02:50:51','2022-02-28 02:50:51'),(659,'13688669538','','user_e6zwifzqhw','',2,'2022-02-28 02:50:51','2022-02-28 02:50:51'),(660,'13688669539','','user_7ytv4vd6he','',2,'2022-02-28 02:50:51','2022-02-28 02:50:51'),(661,'13688669540','','user_pc84newj49','',2,'2022-02-28 02:50:51','2022-02-28 02:50:51'),(662,'13688669541','','user_h4wpk3e9ht','',2,'2022-02-28 02:50:51','2022-02-28 02:50:51'),(663,'13688669542','','user_d3vt4vqim8','',2,'2022-02-28 02:50:51','2022-02-28 02:50:51'),(664,'13688669543','','user_eqr14mgaz2','',2,'2022-02-28 02:50:51','2022-02-28 02:50:51'),(665,'13688669544','','user_ldd4kzq961','',2,'2022-02-28 02:50:51','2022-02-28 02:50:51'),(666,'13688669545','','user_w4qu1bb2lk','',2,'2022-02-28 02:50:51','2022-02-28 02:50:51'),(667,'13688669546','','user_0627bn8px3','',2,'2022-02-28 02:50:51','2022-02-28 02:50:51'),(668,'13688669547','','user_64aj20cdf1','',2,'2022-02-28 02:50:51','2022-02-28 02:50:51'),(669,'13688669548','','user_l7u34b3ler','',2,'2022-02-28 02:50:51','2022-02-28 02:50:51'),(670,'13688669549','','user_2ze9tl9994','',2,'2022-02-28 02:50:51','2022-02-28 02:50:51'),(671,'13688669550','','user_m5phoejixm','',2,'2022-02-28 02:50:51','2022-02-28 02:50:51'),(672,'13688669551','','user_8ogdovuirm','',2,'2022-02-28 02:50:51','2022-02-28 02:50:51'),(673,'13688669552','','user_wfk4ebck83','',2,'2022-02-28 02:50:51','2022-02-28 02:50:51'),(674,'13688669553','','user_oupbnni466','',2,'2022-02-28 02:50:51','2022-02-28 02:50:51'),(675,'13688669554','','user_89967wcevq','',2,'2022-02-28 02:50:51','2022-02-28 02:50:51'),(676,'13688669555','','user_xr6g2q08cm','',2,'2022-02-28 02:50:51','2022-02-28 02:50:51'),(677,'13688669556','','user_m313bjckeq','',2,'2022-02-28 02:50:51','2022-02-28 02:50:51'),(678,'13688669557','','user_x25nq1ss14','',2,'2022-02-28 02:50:51','2022-02-28 02:50:51'),(679,'13688669558','','user_jeidzxzp6y','',2,'2022-02-28 02:50:51','2022-02-28 02:50:51'),(680,'13688669559','','user_l7dkffo3n0','',2,'2022-02-28 02:50:51','2022-02-28 02:50:51'),(681,'13688669560','','user_pqio9ol2ln','',2,'2022-02-28 02:50:51','2022-02-28 02:50:51'),(682,'13688669561','','user_k1cbsqi4gt','',2,'2022-02-28 02:50:51','2022-02-28 02:50:51'),(683,'13688669562','','user_p1i9b4p4sv','',2,'2022-02-28 02:50:51','2022-02-28 02:50:51'),(684,'13688669563','','user_07yfm6qtl1','',2,'2022-02-28 02:50:51','2022-02-28 02:50:51'),(685,'13688669564','','user_y3mmmk1kak','',2,'2022-02-28 02:50:51','2022-02-28 02:50:51'),(686,'13688669565','','user_lkxjnwtqa7','',2,'2022-02-28 02:50:51','2022-02-28 02:50:51'),(687,'13688669566','','user_v5w9pm18iq','',2,'2022-02-28 02:50:51','2022-02-28 02:50:51'),(688,'13688669567','','user_364l5poxpw','',2,'2022-02-28 02:50:51','2022-02-28 02:50:51'),(689,'13688669568','','user_trlfkptv3g','',2,'2022-02-28 02:50:51','2022-02-28 02:50:51'),(690,'13688669569','','user_rkheg82tnp','',2,'2022-02-28 02:50:51','2022-02-28 02:50:51'),(691,'13688669570','','user_5zmzrjgo5o','',2,'2022-02-28 02:50:51','2022-02-28 02:50:51'),(692,'13688669571','','user_6uacx6cqhp','',2,'2022-02-28 02:50:51','2022-02-28 02:50:51'),(693,'13688669572','','user_wnats1phoj','',2,'2022-02-28 02:50:51','2022-02-28 02:50:51'),(694,'13688669573','','user_dcm1w7674v','',2,'2022-02-28 02:50:51','2022-02-28 02:50:51'),(695,'13688669574','','user_r7ik7ae272','',2,'2022-02-28 02:50:51','2022-02-28 02:50:51'),(696,'13688669575','','user_xk77qyl4gl','',2,'2022-02-28 02:50:51','2022-02-28 02:50:51'),(697,'13688669576','','user_989d1fsji4','',2,'2022-02-28 02:50:51','2022-02-28 02:50:51'),(698,'13688669577','','user_macs32vcct','',2,'2022-02-28 02:50:51','2022-02-28 02:50:51'),(699,'13688669578','','user_z5mahfpa9r','',2,'2022-02-28 02:50:51','2022-02-28 02:50:51'),(700,'13688669579','','user_tn1bnk3zir','',2,'2022-02-28 02:50:51','2022-02-28 02:50:51'),(701,'13688669580','','user_95ajn6osry','',2,'2022-02-28 02:50:51','2022-02-28 02:50:51'),(702,'13688669581','','user_qff1n375uc','',2,'2022-02-28 02:50:51','2022-02-28 02:50:51'),(703,'13688669582','','user_gdjqlq4i6n','',2,'2022-02-28 02:50:51','2022-02-28 02:50:51'),(704,'13688669583','','user_w6tsnpzfqn','',2,'2022-02-28 02:50:51','2022-02-28 02:50:51'),(705,'13688669584','','user_lqp4c4j2ch','',2,'2022-02-28 02:50:51','2022-02-28 02:50:51'),(706,'13688669585','','user_1raii40ps1','',2,'2022-02-28 02:50:51','2022-02-28 02:50:51'),(707,'13688669586','','user_0r9izz201x','',2,'2022-02-28 02:50:51','2022-02-28 02:50:51'),(708,'13688669587','','user_vlrp22q0rk','',2,'2022-02-28 02:50:51','2022-02-28 02:50:51'),(709,'13688669588','','user_f7kvbzb8i4','',2,'2022-02-28 02:50:51','2022-02-28 02:50:51'),(710,'13688669589','','user_yn8nntyyur','',2,'2022-02-28 02:50:51','2022-02-28 02:50:51'),(711,'13688669590','','user_p58nxqajou','',2,'2022-02-28 02:50:51','2022-02-28 02:50:51'),(712,'13688669591','','user_61msspy26k','',2,'2022-02-28 02:50:51','2022-02-28 02:50:51'),(713,'13688669592','','user_fqb0ch1hh1','',2,'2022-02-28 02:50:51','2022-02-28 02:50:51'),(714,'13688669593','','user_oyq3nszclx','',2,'2022-02-28 02:50:51','2022-02-28 02:50:51'),(715,'13688669594','','user_ggybvkn73t','',2,'2022-02-28 02:50:51','2022-02-28 02:50:51'),(716,'13688669595','','user_po0gph6jgp','',2,'2022-02-28 02:50:51','2022-02-28 02:50:51'),(717,'13688669596','','user_hlzvh6wl1y','',2,'2022-02-28 02:50:51','2022-02-28 02:50:51'),(718,'13688669597','','user_btb024hqic','',2,'2022-02-28 02:50:51','2022-02-28 02:50:51'),(719,'13688669598','','user_wqasvon847','',2,'2022-02-28 02:50:51','2022-02-28 02:50:51'),(720,'13688669599','','user_rdp7fvaz3z','',2,'2022-02-28 02:50:51','2022-02-28 02:50:51'),(721,'13688669600','','user_oh5q9kfkvc','',2,'2022-02-28 02:50:51','2022-02-28 02:50:51'),(722,'13688669601','','user_ae21kmiles','',2,'2022-02-28 02:50:51','2022-02-28 02:50:51'),(723,'13688669602','','user_b1ouyw3sww','',2,'2022-02-28 02:50:51','2022-02-28 02:50:51'),(724,'13688669603','','user_9o5qz4s17l','',2,'2022-02-28 02:50:51','2022-02-28 02:50:51'),(725,'13688669604','','user_6urs1iwti9','',2,'2022-02-28 02:50:51','2022-02-28 02:50:51'),(726,'13688669605','','user_80pnfhyqyi','',2,'2022-02-28 02:50:51','2022-02-28 02:50:51'),(727,'13688669606','','user_mynvmq4zcn','',2,'2022-02-28 02:50:51','2022-02-28 02:50:51'),(728,'13688669607','','user_q09fj27oc4','',2,'2022-02-28 02:50:51','2022-02-28 02:50:51'),(729,'13688669608','','user_v4e7hkfw63','',2,'2022-02-28 02:50:51','2022-02-28 02:50:51'),(730,'13688669609','','user_x4sol5dj4f','',2,'2022-02-28 02:50:51','2022-02-28 02:50:51'),(731,'13688669610','','user_v53dsicdtx','',2,'2022-02-28 02:50:51','2022-02-28 02:50:51'),(732,'13688669611','','user_fcoezs141i','',2,'2022-02-28 02:50:51','2022-02-28 02:50:51'),(733,'13688669612','','user_viv3l4o52c','',2,'2022-02-28 02:50:51','2022-02-28 02:50:51'),(734,'13688669613','','user_8j4m80dj76','',2,'2022-02-28 02:50:51','2022-02-28 02:50:51'),(735,'13688669614','','user_r65xyt3opb','',2,'2022-02-28 02:50:51','2022-02-28 02:50:51'),(736,'13688669615','','user_moi9x442th','',2,'2022-02-28 02:50:51','2022-02-28 02:50:51'),(737,'13688669616','','user_qxkltii6ec','',2,'2022-02-28 02:50:51','2022-02-28 02:50:51'),(738,'13688669617','','user_72vsybd20b','',2,'2022-02-28 02:50:51','2022-02-28 02:50:51'),(739,'13688669618','','user_eai1g9ltu9','',2,'2022-02-28 02:50:51','2022-02-28 02:50:51'),(740,'13688669619','','user_h47ubi7f36','',2,'2022-02-28 02:50:51','2022-02-28 02:50:51'),(741,'13688669620','','user_yxo46519hp','',2,'2022-02-28 02:50:51','2022-02-28 02:50:51'),(742,'13688669621','','user_499diayvwn','',2,'2022-02-28 02:50:51','2022-02-28 02:50:51'),(743,'13688669622','','user_ytomkocl3c','',2,'2022-02-28 02:50:51','2022-02-28 02:50:51'),(744,'13688669623','','user_271mt5x5uo','',2,'2022-02-28 02:50:51','2022-02-28 02:50:51'),(745,'13688669624','','user_h5s36mj609','',2,'2022-02-28 02:50:51','2022-02-28 02:50:51'),(746,'13688669625','','user_sklzx3z3nq','',2,'2022-02-28 02:50:51','2022-02-28 02:50:51'),(747,'13688669626','','user_9v2ikjkwm8','',2,'2022-02-28 02:50:51','2022-02-28 02:50:51'),(748,'13688669627','','user_w5jjd49ipx','',2,'2022-02-28 02:50:51','2022-02-28 02:50:51'),(749,'13688669628','','user_3rzokm18yo','',2,'2022-02-28 02:50:51','2022-02-28 02:50:51'),(750,'13688669629','','user_vm6zz6ejs7','',2,'2022-02-28 02:50:51','2022-02-28 02:50:51'),(751,'13688669630','','user_r494p0jlle','',2,'2022-02-28 02:50:51','2022-02-28 02:50:51'),(752,'13688669631','','user_c50thdpyv0','',2,'2022-02-28 02:50:51','2022-02-28 02:50:51'),(753,'13688669632','','user_hc4qi0sfo2','',2,'2022-02-28 02:50:51','2022-02-28 02:50:51'),(754,'13688669633','','user_w8y4nebzxs','',2,'2022-02-28 02:50:51','2022-02-28 02:50:51'),(755,'13688669634','','user_mxxqu6isy9','',2,'2022-02-28 02:50:51','2022-02-28 02:50:51'),(756,'13688669635','','user_sd3f76mtg3','',2,'2022-02-28 02:50:51','2022-02-28 02:50:51'),(757,'13688669636','','user_6zb026vsmm','',2,'2022-02-28 02:50:51','2022-02-28 02:50:51'),(758,'13688669637','','user_mzya91331l','',2,'2022-02-28 02:50:51','2022-02-28 02:50:51'),(759,'13688669638','','user_adu5gmym2g','',2,'2022-02-28 02:50:51','2022-02-28 02:50:51'),(760,'13688669639','','user_31bidh90w5','',2,'2022-02-28 02:50:51','2022-02-28 02:50:51'),(761,'13688669640','','user_iectlacbk7','',2,'2022-02-28 02:50:51','2022-02-28 02:50:51'),(762,'13688669641','','user_by8vl07035','',2,'2022-02-28 02:50:51','2022-02-28 02:50:51'),(763,'13688669642','','user_n8ii3p3b6z','',2,'2022-02-28 02:50:51','2022-02-28 02:50:51'),(764,'13688669643','','user_eopvczuyzq','',2,'2022-02-28 02:50:51','2022-02-28 02:50:51'),(765,'13688669644','','user_2m36qy9yht','',2,'2022-02-28 02:50:52','2022-02-28 02:50:52'),(766,'13688669645','','user_re1q80zze2','',2,'2022-02-28 02:50:52','2022-02-28 02:50:52'),(767,'13688669646','','user_lelhu217ad','',2,'2022-02-28 02:50:52','2022-02-28 02:50:52'),(768,'13688669647','','user_dyv7ll1h9r','',2,'2022-02-28 02:50:52','2022-02-28 02:50:52'),(769,'13688669648','','user_7zws9wi4cp','',2,'2022-02-28 02:50:52','2022-02-28 02:50:52'),(770,'13688669649','','user_tvseis2smv','',2,'2022-02-28 02:50:52','2022-02-28 02:50:52'),(771,'13688669650','','user_975ls201ra','',2,'2022-02-28 02:50:52','2022-02-28 02:50:52'),(772,'13688669651','','user_0416smxpjc','',2,'2022-02-28 02:50:52','2022-02-28 02:50:52'),(773,'13688669652','','user_dkdw3wuvxt','',2,'2022-02-28 02:50:52','2022-02-28 02:50:52'),(774,'13688669653','','user_d1z5jtfh2g','',2,'2022-02-28 02:50:52','2022-02-28 02:50:52'),(775,'13688669654','','user_yg9r3ws35z','',2,'2022-02-28 02:50:52','2022-02-28 02:50:52'),(776,'13688669655','','user_9cos7jzgmy','',2,'2022-02-28 02:50:52','2022-02-28 02:50:52'),(777,'13688669656','','user_679sq0b6eb','',2,'2022-02-28 02:50:52','2022-02-28 02:50:52'),(778,'13688669657','','user_kzk5m1pgqv','',2,'2022-02-28 02:50:52','2022-02-28 02:50:52'),(779,'13688669658','','user_28qetr02oe','',2,'2022-02-28 02:50:52','2022-02-28 02:50:52'),(780,'13688669659','','user_peazcxx51i','',2,'2022-02-28 02:50:52','2022-02-28 02:50:52'),(781,'13688669660','','user_roghf2lerp','',2,'2022-02-28 02:50:52','2022-02-28 02:50:52'),(782,'13688669661','','user_sth9xhgsoj','',2,'2022-02-28 02:50:52','2022-02-28 02:50:52'),(783,'13688669662','','user_38ejcd1npp','',2,'2022-02-28 02:50:52','2022-02-28 02:50:52'),(784,'13688669663','','user_m0y48rqbxs','',2,'2022-02-28 02:50:52','2022-02-28 02:50:52'),(785,'13688669664','','user_a0f919rrdw','',2,'2022-02-28 02:50:52','2022-02-28 02:50:52'),(786,'13688669665','','user_veddhmnfa7','',2,'2022-02-28 02:50:52','2022-02-28 02:50:52'),(787,'13688669666','','user_ltexwx6bm6','',2,'2022-02-28 02:50:52','2022-02-28 02:50:52'),(788,'13688669667','','user_euqn9si8dg','',2,'2022-02-28 02:50:52','2022-02-28 02:50:52'),(789,'13688669668','','user_wm4s4v0o87','',2,'2022-02-28 02:50:52','2022-02-28 02:50:52'),(790,'13688669669','','user_mthbqaorve','',2,'2022-02-28 02:50:52','2022-02-28 02:50:52'),(791,'13688669670','','user_k63cindeeh','',2,'2022-02-28 02:50:52','2022-02-28 02:50:52'),(792,'13688669671','','user_kz30acb48r','',2,'2022-02-28 02:50:52','2022-02-28 02:50:52'),(793,'13688669672','','user_1jmeyd8a28','',2,'2022-02-28 02:50:52','2022-02-28 02:50:52'),(794,'13688669673','','user_su5oi3kpfx','',2,'2022-02-28 02:50:52','2022-02-28 02:50:52'),(795,'13688669674','','user_4eurdp0387','',2,'2022-02-28 02:50:52','2022-02-28 02:50:52'),(796,'13688669675','','user_orxdegd4d4','',2,'2022-02-28 02:50:52','2022-02-28 02:50:52'),(797,'13688669676','','user_50vxeli8rd','',2,'2022-02-28 02:50:52','2022-02-28 02:50:52'),(798,'13688669677','','user_vqsnl66ot5','',2,'2022-02-28 02:50:52','2022-02-28 02:50:52'),(799,'13688669678','','user_en3q7qyiqb','',2,'2022-02-28 02:50:52','2022-02-28 02:50:52'),(800,'13688669679','','user_0yyk9mnng0','',2,'2022-02-28 02:50:52','2022-02-28 02:50:52'),(801,'13688669680','','user_l48qjtjmxl','',2,'2022-02-28 02:50:52','2022-02-28 02:50:52'),(802,'13688669681','','user_1wvigh2hxq','',2,'2022-02-28 02:50:52','2022-02-28 02:50:52'),(803,'13688669682','','user_gr0bhwfvhu','',2,'2022-02-28 02:50:52','2022-02-28 02:50:52'),(804,'13688669683','','user_qpku5s9nr6','',2,'2022-02-28 02:50:52','2022-02-28 02:50:52'),(805,'13688669684','','user_kyhepj12kd','',2,'2022-02-28 02:50:52','2022-02-28 02:50:52'),(806,'13688669685','','user_3x99ypxvqy','',2,'2022-02-28 02:50:52','2022-02-28 02:50:52'),(807,'13688669686','','user_np8bk7b07w','',2,'2022-02-28 02:50:52','2022-02-28 02:50:52'),(808,'13688669687','','user_dnu8kswk6o','',2,'2022-02-28 02:50:52','2022-02-28 02:50:52'),(809,'13688669688','','user_u01mnauofu','',2,'2022-02-28 02:50:52','2022-02-28 02:50:52'),(810,'13688669689','','user_48sv36r3xs','',2,'2022-02-28 02:50:52','2022-02-28 02:50:52'),(811,'13688669690','','user_6ojf6nhxch','',2,'2022-02-28 02:50:52','2022-02-28 02:50:52'),(812,'13688669691','','user_wd32jqla7r','',2,'2022-02-28 02:50:52','2022-02-28 02:50:52'),(813,'13688669692','','user_zsdxxcpkuq','',2,'2022-02-28 02:50:52','2022-02-28 02:50:52'),(814,'13688669693','','user_ib97xw8nl2','',2,'2022-02-28 02:50:52','2022-02-28 02:50:52'),(815,'13688669694','','user_b7qb56z1p0','',2,'2022-02-28 02:50:52','2022-02-28 02:50:52'),(816,'13688669695','','user_i7jmrgmisg','',2,'2022-02-28 02:50:52','2022-02-28 02:50:52'),(817,'13688669696','','user_5nf21zmos7','',2,'2022-02-28 02:50:52','2022-02-28 02:50:52'),(818,'13688669697','','user_mck6nqe55g','',2,'2022-02-28 02:50:52','2022-02-28 02:50:52'),(819,'13688669698','','user_6xnadvfus7','',2,'2022-02-28 02:50:52','2022-02-28 02:50:52'),(820,'13688669699','','user_450u8mqe4z','',2,'2022-02-28 02:50:52','2022-02-28 02:50:52'),(821,'13688669700','','user_hv55cq5n1w','',2,'2022-02-28 02:50:52','2022-02-28 02:50:52'),(822,'13688669701','','user_qiy3ulbyd0','',2,'2022-02-28 02:50:52','2022-02-28 02:50:52'),(823,'13688669702','','user_sx58542ugn','',2,'2022-02-28 02:50:52','2022-02-28 02:50:52'),(824,'13688669703','','user_9xs0uuyds5','',2,'2022-02-28 02:50:52','2022-02-28 02:50:52'),(825,'13688669704','','user_zveuo0azp4','',2,'2022-02-28 02:50:52','2022-02-28 02:50:52'),(826,'13688669705','','user_qwt4x5faay','',2,'2022-02-28 02:50:52','2022-02-28 02:50:52'),(827,'13688669706','','user_ztzuqeybvp','',2,'2022-02-28 02:50:52','2022-02-28 02:50:52'),(828,'13688669707','','user_kh5n7wfie8','',2,'2022-02-28 02:50:52','2022-02-28 02:50:52'),(829,'13688669708','','user_dwxkvw03b7','',2,'2022-02-28 02:50:52','2022-02-28 02:50:52'),(830,'13688669709','','user_3tyhv91k7p','',2,'2022-02-28 02:50:52','2022-02-28 02:50:52'),(831,'13688669710','','user_0jwdppbvdk','',2,'2022-02-28 02:50:52','2022-02-28 02:50:52'),(832,'13688669711','','user_twx4z08vzb','',2,'2022-02-28 02:50:52','2022-02-28 02:50:52'),(833,'13688669712','','user_lly5v9ibpk','',2,'2022-02-28 02:50:52','2022-02-28 02:50:52'),(834,'13688669713','','user_kkho7xpu2u','',2,'2022-02-28 02:50:52','2022-02-28 02:50:52'),(835,'13688669714','','user_l51d2os1wh','',2,'2022-02-28 02:50:52','2022-02-28 02:50:52'),(836,'13688669715','','user_i6gkyfawkv','',2,'2022-02-28 02:50:52','2022-02-28 02:50:52'),(837,'13688669716','','user_v2k5vdh4he','',2,'2022-02-28 02:50:52','2022-02-28 02:50:52'),(838,'13688669717','','user_7k9ql2go9e','',2,'2022-02-28 02:50:52','2022-02-28 02:50:52'),(839,'13688669718','','user_tnz3f99w2c','',2,'2022-02-28 02:50:52','2022-02-28 02:50:52'),(840,'13688669719','','user_833zw6fgxz','',2,'2022-02-28 02:50:52','2022-02-28 02:50:52'),(841,'13688669720','','user_f4hq0ga1oj','',2,'2022-02-28 02:50:52','2022-02-28 02:50:52'),(842,'13688669721','','user_uxuxrig26t','',2,'2022-02-28 02:50:52','2022-02-28 02:50:52'),(843,'13688669722','','user_grn37re7bg','',2,'2022-02-28 02:50:52','2022-02-28 02:50:52'),(844,'13688669723','','user_5msjf8z2fj','',2,'2022-02-28 02:50:52','2022-02-28 02:50:52'),(845,'13688669724','','user_53x3w7l7mv','',2,'2022-02-28 02:50:52','2022-02-28 02:50:52'),(846,'13688669725','','user_pyolvy8m0v','',2,'2022-02-28 02:50:52','2022-02-28 02:50:52'),(847,'13688669726','','user_12i4hpk09n','',2,'2022-02-28 02:50:52','2022-02-28 02:50:52'),(848,'13688669727','','user_zjhyyt7zfq','',2,'2022-02-28 02:50:52','2022-02-28 02:50:52'),(849,'13688669728','','user_avv8zgw4qk','',2,'2022-02-28 02:50:52','2022-02-28 02:50:52'),(850,'13688669729','','user_khxmnqb6ni','',2,'2022-02-28 02:50:52','2022-02-28 02:50:52'),(851,'13688669730','','user_i80iu0pb5k','',2,'2022-02-28 02:50:52','2022-02-28 02:50:52'),(852,'13688669731','','user_lqkx9uurmj','',2,'2022-02-28 02:50:52','2022-02-28 02:50:52'),(853,'13688669732','','user_ewiswre8fm','',2,'2022-02-28 02:50:52','2022-02-28 02:50:52'),(854,'13688669733','','user_d0nwznn64y','',2,'2022-02-28 02:50:52','2022-02-28 02:50:52'),(855,'13688669734','','user_v7wyz44u6m','',2,'2022-02-28 02:50:52','2022-02-28 02:50:52'),(856,'13688669735','','user_ipkx0z0nno','',2,'2022-02-28 02:50:52','2022-02-28 02:50:52'),(857,'13688669736','','user_64tnyqwxun','',2,'2022-02-28 02:50:52','2022-02-28 02:50:52'),(858,'13688669737','','user_r9bjp3fegg','',2,'2022-02-28 02:50:52','2022-02-28 02:50:52'),(859,'13688669738','','user_i36s8hsq72','',2,'2022-02-28 02:50:52','2022-02-28 02:50:52'),(860,'13688669739','','user_cqe1zvq4dr','',2,'2022-02-28 02:50:52','2022-02-28 02:50:52'),(861,'13688669740','','user_omdgisd0ls','',2,'2022-02-28 02:50:52','2022-02-28 02:50:52'),(862,'13688669741','','user_3mgz8z636y','',2,'2022-02-28 02:50:52','2022-02-28 02:50:52'),(863,'13688669742','','user_ts3qtzwp68','',2,'2022-02-28 02:50:52','2022-02-28 02:50:52'),(864,'13688669743','','user_56seol3kxp','',2,'2022-02-28 02:50:52','2022-02-28 02:50:52'),(865,'13688669744','','user_4x55muo0si','',2,'2022-02-28 02:50:52','2022-02-28 02:50:52'),(866,'13688669745','','user_ny46fscq78','',2,'2022-02-28 02:50:52','2022-02-28 02:50:52'),(867,'13688669746','','user_raano2keb9','',2,'2022-02-28 02:50:52','2022-02-28 02:50:52'),(868,'13688669747','','user_31m00sj2bt','',2,'2022-02-28 02:50:52','2022-02-28 02:50:52'),(869,'13688669748','','user_2ovmzeq4f3','',2,'2022-02-28 02:50:52','2022-02-28 02:50:52'),(870,'13688669749','','user_dis12x5ko3','',2,'2022-02-28 02:50:52','2022-02-28 02:50:52'),(871,'13688669750','','user_jx9defd5pu','',2,'2022-02-28 02:50:52','2022-02-28 02:50:52'),(872,'13688669751','','user_k3u9zems0n','',2,'2022-02-28 02:50:52','2022-02-28 02:50:52'),(873,'13688669752','','user_o84aucm31f','',2,'2022-02-28 02:50:52','2022-02-28 02:50:52'),(874,'13688669753','','user_h4msccd8qo','',2,'2022-02-28 02:50:52','2022-02-28 02:50:52'),(875,'13688669754','','user_6sk051bxed','',2,'2022-02-28 02:50:52','2022-02-28 02:50:52'),(876,'13688669755','','user_1s1r4kks05','',2,'2022-02-28 02:50:52','2022-02-28 02:50:52'),(877,'13688669756','','user_2pfvfdb27x','',2,'2022-02-28 02:50:52','2022-02-28 02:50:52'),(878,'13688669757','','user_k5nxhuil69','',2,'2022-02-28 02:50:52','2022-02-28 02:50:52'),(879,'13688669758','','user_6wu2vujv7x','',2,'2022-02-28 02:50:52','2022-02-28 02:50:52'),(880,'13688669759','','user_05jr9c63o0','',2,'2022-02-28 02:50:52','2022-02-28 02:50:52'),(881,'13688669760','','user_cc2l1lrlw5','',2,'2022-02-28 02:50:52','2022-02-28 02:50:52'),(882,'13688669761','','user_ieeqrlof8f','',2,'2022-02-28 02:50:52','2022-02-28 02:50:52'),(883,'13688669762','','user_6m5ermqkua','',2,'2022-02-28 02:50:52','2022-02-28 02:50:52'),(884,'13688669763','','user_mh99rug0nh','',2,'2022-02-28 02:50:52','2022-02-28 02:50:52'),(885,'13688669764','','user_n55ceoc392','',2,'2022-02-28 02:50:52','2022-02-28 02:50:52'),(886,'13688669765','','user_72vzhk8py3','',2,'2022-02-28 02:50:52','2022-02-28 02:50:52'),(887,'13688669766','','user_bthii5wt36','',2,'2022-02-28 02:50:52','2022-02-28 02:50:52'),(888,'13688669767','','user_mut3q0vunf','',2,'2022-02-28 02:50:52','2022-02-28 02:50:52'),(889,'13688669768','','user_symgsydmbd','',2,'2022-02-28 02:50:52','2022-02-28 02:50:52'),(890,'13688669769','','user_7qs7kedl19','',2,'2022-02-28 02:50:52','2022-02-28 02:50:52'),(891,'13688669770','','user_uwyx1i29m0','',2,'2022-02-28 02:50:52','2022-02-28 02:50:52'),(892,'13688669771','','user_ls2p6sldmi','',2,'2022-02-28 02:50:52','2022-02-28 02:50:52'),(893,'13688669772','','user_1kmmkpegso','',2,'2022-02-28 02:50:52','2022-02-28 02:50:52'),(894,'13688669773','','user_4zp483y1e7','',2,'2022-02-28 02:50:52','2022-02-28 02:50:52'),(895,'13688669774','','user_nr78kan9c3','',2,'2022-02-28 02:50:52','2022-02-28 02:50:52'),(896,'13688669775','','user_0r0m7ngv6x','',2,'2022-02-28 02:50:52','2022-02-28 02:50:52'),(897,'13688669776','','user_lknjznxmau','',2,'2022-02-28 02:50:52','2022-02-28 02:50:52'),(898,'13688669777','','user_v9g6j6h0ah','',2,'2022-02-28 02:50:52','2022-02-28 02:50:52'),(899,'13688669778','','user_wuyim37fx5','',2,'2022-02-28 02:50:52','2022-02-28 02:50:52'),(900,'13688669779','','user_l0lfqjjzs0','',2,'2022-02-28 02:50:52','2022-02-28 02:50:52'),(901,'13688669780','','user_6uyxk7pa4u','',2,'2022-02-28 02:50:52','2022-02-28 02:50:52'),(902,'13688669781','','user_f17o0qymn9','',2,'2022-02-28 02:50:52','2022-02-28 02:50:52'),(903,'13688669782','','user_ogpqk1b39a','',2,'2022-02-28 02:50:52','2022-02-28 02:50:52'),(904,'13688669783','','user_9jpofrgda1','',2,'2022-02-28 02:50:52','2022-02-28 02:50:52'),(905,'13688669784','','user_n298v8udm3','',2,'2022-02-28 02:50:52','2022-02-28 02:50:52'),(906,'13688669785','','user_0biwjc5wwt','',2,'2022-02-28 02:50:52','2022-02-28 02:50:52'),(907,'13688669786','','user_xbbdx6wq53','',2,'2022-02-28 02:50:52','2022-02-28 02:50:52'),(908,'13688669787','','user_nh79qly5ir','',2,'2022-02-28 02:50:52','2022-02-28 02:50:52'),(909,'13688669788','','user_v86oajknbs','',2,'2022-02-28 02:50:52','2022-02-28 02:50:52'),(910,'13688669789','','user_e13odsshad','',2,'2022-02-28 02:50:52','2022-02-28 02:50:52'),(911,'13688669790','','user_6cvwrirdtl','',2,'2022-02-28 02:50:52','2022-02-28 02:50:52'),(912,'13688669791','','user_nqr7bpgz67','',2,'2022-02-28 02:50:52','2022-02-28 02:50:52'),(913,'13688669792','','user_wn1ae0p6gw','',2,'2022-02-28 02:50:52','2022-02-28 02:50:52'),(914,'13688669793','','user_te48rluimb','',2,'2022-02-28 02:50:52','2022-02-28 02:50:52'),(915,'13688669794','','user_p2r85n4k8g','',2,'2022-02-28 02:50:52','2022-02-28 02:50:52'),(916,'13688669795','','user_ca8fdlrbty','',2,'2022-02-28 02:50:52','2022-02-28 02:50:52'),(917,'13688669796','','user_toque00p0i','',2,'2022-02-28 02:50:52','2022-02-28 02:50:52'),(918,'13688669797','','user_uiti5cdbhf','',2,'2022-02-28 02:50:52','2022-02-28 02:50:52'),(919,'13688669798','','user_8pgku7viy8','',2,'2022-02-28 02:50:52','2022-02-28 02:50:52'),(920,'13688669799','','user_cdafki4cwc','',2,'2022-02-28 02:50:52','2022-02-28 02:50:52'),(921,'13688669800','','user_fyyk2yfpk5','',2,'2022-02-28 02:50:52','2022-02-28 02:50:52'),(922,'13688669801','','user_78e1meevls','',2,'2022-02-28 02:50:52','2022-02-28 02:50:52'),(923,'13688669802','','user_qzwls7m33b','',2,'2022-02-28 02:50:52','2022-02-28 02:50:52'),(924,'13688669803','','user_jxuw8ixefk','',2,'2022-02-28 02:50:52','2022-02-28 02:50:52'),(925,'13688669804','','user_1xye60infx','',2,'2022-02-28 02:50:52','2022-02-28 02:50:52'),(926,'13688669805','','user_gvccna2mni','',2,'2022-02-28 02:50:52','2022-02-28 02:50:52'),(927,'13688669806','','user_tftvpegd2c','',2,'2022-02-28 02:50:52','2022-02-28 02:50:52'),(928,'13688669807','','user_6ihh78vpox','',2,'2022-02-28 02:50:52','2022-02-28 02:50:52'),(929,'13688669808','','user_46qroyojdl','',2,'2022-02-28 02:50:52','2022-02-28 02:50:52'),(930,'13688669809','','user_wwi4i2wb77','',2,'2022-02-28 02:50:52','2022-02-28 02:50:52'),(931,'13688669810','','user_s28l0bryil','',2,'2022-02-28 02:50:52','2022-02-28 02:50:52'),(932,'13688669811','','user_4lgib8jvrx','',2,'2022-02-28 02:50:52','2022-02-28 02:50:52'),(933,'13688669812','','user_fczpz5s31b','',2,'2022-02-28 02:50:52','2022-02-28 02:50:52'),(934,'13688669813','','user_3cvkn9pv9w','',2,'2022-02-28 02:50:52','2022-02-28 02:50:52'),(935,'13688669814','','user_wtvk7gx8ar','',2,'2022-02-28 02:50:52','2022-02-28 02:50:52'),(936,'13688669815','','user_yrel6rbyyd','',2,'2022-02-28 02:50:52','2022-02-28 02:50:52'),(937,'13688669816','','user_hmxjnsbnon','',2,'2022-02-28 02:50:52','2022-02-28 02:50:52'),(938,'13688669817','','user_cuxcl0d2oo','',2,'2022-02-28 02:50:52','2022-02-28 02:50:52'),(939,'13688669818','','user_1ax8x9zw0c','',2,'2022-02-28 02:50:52','2022-02-28 02:50:52'),(940,'13688669819','','user_p7v98oe5nm','',2,'2022-02-28 02:50:52','2022-02-28 02:50:52'),(941,'13688669820','','user_m90rt3bwsz','',2,'2022-02-28 02:50:52','2022-02-28 02:50:52'),(942,'13688669821','','user_xhty5jm1hy','',2,'2022-02-28 02:50:52','2022-02-28 02:50:52'),(943,'13688669822','','user_7h88k22eo0','',2,'2022-02-28 02:50:52','2022-02-28 02:50:52'),(944,'13688669823','','user_5a75z9jcqa','',2,'2022-02-28 02:50:52','2022-02-28 02:50:52'),(945,'13688669824','','user_3t0twwq0nh','',2,'2022-02-28 02:50:52','2022-02-28 02:50:52'),(946,'13688669825','','user_861ywr4gfr','',2,'2022-02-28 02:50:52','2022-02-28 02:50:52'),(947,'13688669826','','user_iwkz8k1zpx','',2,'2022-02-28 02:50:52','2022-02-28 02:50:52'),(948,'13688669827','','user_vzmhyoz1ap','',2,'2022-02-28 02:50:52','2022-02-28 02:50:52'),(949,'13688669828','','user_5tmpddukgq','',2,'2022-02-28 02:50:52','2022-02-28 02:50:52'),(950,'13688669829','','user_h6siyam4hb','',2,'2022-02-28 02:50:52','2022-02-28 02:50:52'),(951,'13688669830','','user_n5yqq6mgka','',2,'2022-02-28 02:50:52','2022-02-28 02:50:52'),(952,'13688669831','','user_an9epa7f2r','',2,'2022-02-28 02:50:52','2022-02-28 02:50:52'),(953,'13688669832','','user_5vr0cdy8sz','',2,'2022-02-28 02:50:52','2022-02-28 02:50:52'),(954,'13688669833','','user_xpanlhqjbq','',2,'2022-02-28 02:50:52','2022-02-28 02:50:52'),(955,'13688669834','','user_3cfykc172m','',2,'2022-02-28 02:50:52','2022-02-28 02:50:52'),(956,'13688669835','','user_1n0jceyzim','',2,'2022-02-28 02:50:52','2022-02-28 02:50:52'),(957,'13688669836','','user_4ixi7efxtr','',2,'2022-02-28 02:50:52','2022-02-28 02:50:52'),(958,'13688669837','','user_5adpp336iy','',2,'2022-02-28 02:50:52','2022-02-28 02:50:52'),(959,'13688669838','','user_mflzjd6e6b','',2,'2022-02-28 02:50:52','2022-02-28 02:50:52'),(960,'13688669839','','user_80bwfj72p7','',2,'2022-02-28 02:50:52','2022-02-28 02:50:52'),(961,'13688669840','','user_i3anusitco','',2,'2022-02-28 02:50:52','2022-02-28 02:50:52'),(962,'13688669841','','user_yj4pcsrkl9','',2,'2022-02-28 02:50:52','2022-02-28 02:50:52'),(963,'13688669842','','user_7v9x6gxjdz','',2,'2022-02-28 02:50:52','2022-02-28 02:50:52'),(964,'13688669843','','user_2ahufmnyzp','',2,'2022-02-28 02:50:52','2022-02-28 02:50:52'),(965,'13688669844','','user_1oel6c441t','',2,'2022-02-28 02:50:52','2022-02-28 02:50:52'),(966,'13688669845','','user_qxzcv0ib6g','',2,'2022-02-28 02:50:52','2022-02-28 02:50:52'),(967,'13688669846','','user_9uyh0i8ykg','',2,'2022-02-28 02:50:52','2022-02-28 02:50:52'),(968,'13688669847','','user_tb01d4d9ql','',2,'2022-02-28 02:50:52','2022-02-28 02:50:52'),(969,'13688669848','','user_hwpkx6ovii','',2,'2022-02-28 02:50:52','2022-02-28 02:50:52'),(970,'13688669849','','user_pqd04q9hq2','',2,'2022-02-28 02:50:52','2022-02-28 02:50:52'),(971,'13688669850','','user_4t7wkgkufh','',2,'2022-02-28 02:50:52','2022-02-28 02:50:52'),(972,'13688669851','','user_834e4vzf0e','',2,'2022-02-28 02:50:52','2022-02-28 02:50:52'),(973,'13688669852','','user_pxk4urlnmo','',2,'2022-02-28 02:50:52','2022-02-28 02:50:52'),(974,'13688669853','','user_e3x6n0ff0d','',2,'2022-02-28 02:50:53','2022-02-28 02:50:53'),(975,'13688669854','','user_wxnvsvb5ut','',2,'2022-02-28 02:50:53','2022-02-28 02:50:53'),(976,'13688669855','','user_ehi7k4zpjb','',2,'2022-02-28 02:50:53','2022-02-28 02:50:53'),(977,'13688669856','','user_om0pzyh3z1','',2,'2022-02-28 02:50:53','2022-02-28 02:50:53'),(978,'13688669857','','user_9asdqbe7od','',2,'2022-02-28 02:50:53','2022-02-28 02:50:53'),(979,'13688669858','','user_seuabngxt9','',2,'2022-02-28 02:50:53','2022-02-28 02:50:53'),(980,'13688669859','','user_b0qvb27eiy','',2,'2022-02-28 02:50:53','2022-02-28 02:50:53'),(981,'13688669860','','user_63sjue2tkh','',2,'2022-02-28 02:50:53','2022-02-28 02:50:53'),(982,'13688669861','','user_cc3lvxfr1u','',2,'2022-02-28 02:50:53','2022-02-28 02:50:53'),(983,'13688669862','','user_in37hfw5tk','',2,'2022-02-28 02:50:53','2022-02-28 02:50:53'),(984,'13688669863','','user_jtg0c9tyqn','',2,'2022-02-28 02:50:53','2022-02-28 02:50:53'),(985,'13688669864','','user_qzpipaj50w','',2,'2022-02-28 02:50:53','2022-02-28 02:50:53'),(986,'13688669865','','user_ppnb4ljetq','',2,'2022-02-28 02:50:53','2022-02-28 02:50:53'),(987,'13688669866','','user_zbcui7783k','',2,'2022-02-28 02:50:53','2022-02-28 02:50:53'),(988,'13688669867','','user_ki4dxb9q9b','',2,'2022-02-28 02:50:53','2022-02-28 02:50:53'),(989,'13688669868','','user_27b5dxktn0','',2,'2022-02-28 02:50:53','2022-02-28 02:50:53'),(990,'13688669869','','user_fxvb2av882','',2,'2022-02-28 02:50:53','2022-02-28 02:50:53'),(991,'13688669870','','user_6vp3uflnwm','',2,'2022-02-28 02:50:53','2022-02-28 02:50:53'),(992,'13688669871','','user_7ix7djbg30','',2,'2022-02-28 02:50:53','2022-02-28 02:50:53'),(993,'13688669872','','user_vx8r39tjiu','',2,'2022-02-28 02:50:53','2022-02-28 02:50:53'),(994,'13688669873','','user_l2wdiwule0','',2,'2022-02-28 02:50:53','2022-02-28 02:50:53'),(995,'13688669874','','user_z4qe1up5zx','',2,'2022-02-28 02:50:53','2022-02-28 02:50:53'),(996,'13688669875','','user_bklo4b32lu','',2,'2022-02-28 02:50:53','2022-02-28 02:50:53'),(997,'13688669876','','user_ax0y473ndh','',2,'2022-02-28 02:50:53','2022-02-28 02:50:53'),(998,'13688669877','','user_yx2p44qww3','',2,'2022-02-28 02:50:53','2022-02-28 02:50:53'),(999,'13688669878','','user_bnw9bzib34','',2,'2022-02-28 02:50:53','2022-02-28 02:50:53'),(1000,'13688669879','','user_cdj4ojh4pc','',2,'2022-02-28 02:50:53','2022-02-28 02:50:53'),(1001,'13688669880','','user_l7o3r96hn3','',2,'2022-02-28 02:50:53','2022-02-28 02:50:53'),(1002,'13688669881','','user_zbehzrz279','',2,'2022-02-28 02:50:53','2022-02-28 02:50:53'),(1003,'13688669882','','user_tql21zepcx','',2,'2022-02-28 02:50:53','2022-02-28 02:50:53'),(1004,'13688669883','','user_jnxnrk8qt0','',2,'2022-02-28 02:50:53','2022-02-28 02:50:53'),(1005,'13688669884','','user_8e5twg6q0k','',2,'2022-02-28 02:50:53','2022-02-28 02:50:53'),(1006,'13688669885','','user_gfeusukbpp','',2,'2022-02-28 02:50:53','2022-02-28 02:50:53'),(1007,'13688669886','','user_sveivfswhn','',2,'2022-02-28 02:50:53','2022-02-28 02:50:53'),(1008,'13688669887','','user_qgf4t8jkx0','',2,'2022-02-28 02:50:53','2022-02-28 02:50:53'),(1009,'13688669888','','user_4qh6bofkol','',2,'2022-02-28 02:50:53','2022-02-28 02:50:53'),(1010,'18268159587','','吴一杰','https://xud-campus.oss-cn-beijing.aliyuncs.com/avatars/1010/20260421/96dfcd2900c94d9c83f2c75fec98b35e.jpg',1,'2026-04-21 06:14:05','2026-04-21 12:00:10'),(1011,'13566984485','','韦佳雯','https://xud-campus.oss-cn-beijing.aliyuncs.com/avatars/1011/20260421/32a466334c7442488de7669d60f26170.jpg',1,'2026-04-21 11:42:46','2026-04-21 11:45:37'),(1012,'13515789391','','杨世超','',2,'2026-04-22 10:15:14','2026-04-22 10:26:05');
/*!40000 ALTER TABLE `tb_user` ENABLE KEYS */;
UNLOCK TABLES;

--
-- Table structure for table `tb_user_info`
--

DROP TABLE IF EXISTS `tb_user_info`;
/*!40101 SET @saved_cs_client     = @@character_set_client */;
/*!50503 SET character_set_client = utf8mb4 */;
CREATE TABLE `tb_user_info` (
  `user_id` bigint unsigned NOT NULL COMMENT '主键，用户id',
  `city` varchar(64) CHARACTER SET utf8mb4 COLLATE utf8mb4_general_ci DEFAULT '' COMMENT '城市名称',
  `college` varchar(64) CHARACTER SET utf8mb4 COLLATE utf8mb4_general_ci DEFAULT '' COMMENT '所属学院',
  `grade` varchar(32) CHARACTER SET utf8mb4 COLLATE utf8mb4_general_ci DEFAULT '' COMMENT '所属年级',
  `mentor` varchar(64) CHARACTER SET utf8mb4 COLLATE utf8mb4_general_ci DEFAULT '' COMMENT '导师',
  `introduce` varchar(128) CHARACTER SET utf8mb4 COLLATE utf8mb4_general_ci DEFAULT NULL COMMENT '个人介绍，不要超过128个字符',
  `fans` int unsigned DEFAULT '0' COMMENT '粉丝数量',
  `followee` int unsigned DEFAULT '0' COMMENT '关注的人的数量',
  `gender` tinyint unsigned DEFAULT '0' COMMENT '性别，0：男，1：女',
  `birthday` date DEFAULT NULL COMMENT '生日',
  `credits` int unsigned DEFAULT '0' COMMENT '积分',
  `level` tinyint unsigned DEFAULT '0' COMMENT '会员级别，0~9级,0代表未开通会员',
  `create_time` timestamp NOT NULL DEFAULT CURRENT_TIMESTAMP COMMENT '创建时间',
  `update_time` timestamp NOT NULL DEFAULT CURRENT_TIMESTAMP ON UPDATE CURRENT_TIMESTAMP COMMENT '更新时间',
  PRIMARY KEY (`user_id`) USING BTREE
) ENGINE=InnoDB DEFAULT CHARSET=utf8mb4 COLLATE=utf8mb4_general_ci ROW_FORMAT=COMPACT;
/*!40101 SET character_set_client = @saved_cs_client */;

--
-- Dumping data for table `tb_user_info`
--

LOCK TABLES `tb_user_info` WRITE;
/*!40000 ALTER TABLE `tb_user_info` DISABLE KEYS */;
INSERT INTO `tb_user_info` VALUES (1010,'西安','杭州研究院','2025级','黄晏瑜','',0,0,0,'2003-01-23',0,0,'2026-04-21 08:48:12','2026-04-21 08:48:12'),(1011,'','杭州研究院','2025','','',0,0,0,NULL,0,0,'2026-04-21 11:43:13','2026-04-21 11:43:13'),(1012,'杭州','计算机学院','2023','杨鹏飞','',0,0,0,'2003-01-23',0,0,'2026-04-22 10:26:05','2026-04-22 10:26:05');
/*!40000 ALTER TABLE `tb_user_info` ENABLE KEYS */;
UNLOCK TABLES;

--
-- Table structure for table `tb_voucher`
--

DROP TABLE IF EXISTS `tb_voucher`;
/*!40101 SET @saved_cs_client     = @@character_set_client */;
/*!50503 SET character_set_client = utf8mb4 */;
CREATE TABLE `tb_voucher` (
  `id` bigint unsigned NOT NULL AUTO_INCREMENT COMMENT '主键',
  `shop_id` bigint unsigned DEFAULT NULL COMMENT '商铺id',
  `title` varchar(255) CHARACTER SET utf8mb4 COLLATE utf8mb4_general_ci NOT NULL COMMENT '代金券标题',
  `sub_title` varchar(255) CHARACTER SET utf8mb4 COLLATE utf8mb4_general_ci DEFAULT NULL COMMENT '副标题',
  `rules` varchar(1024) CHARACTER SET utf8mb4 COLLATE utf8mb4_general_ci DEFAULT NULL COMMENT '使用规则',
  `pay_value` bigint unsigned NOT NULL COMMENT '支付金额，单位是分。例如200代表2元',
  `actual_value` bigint NOT NULL COMMENT '抵扣金额，单位是分。例如200代表2元',
  `type` tinyint unsigned NOT NULL DEFAULT '0' COMMENT '0,普通券；1,秒杀券',
  `status` tinyint unsigned NOT NULL DEFAULT '1' COMMENT '1,上架; 2,下架; 3,过期',
  `create_time` timestamp NOT NULL DEFAULT CURRENT_TIMESTAMP COMMENT '创建时间',
  `update_time` timestamp NOT NULL DEFAULT CURRENT_TIMESTAMP ON UPDATE CURRENT_TIMESTAMP COMMENT '更新时间',
  PRIMARY KEY (`id`) USING BTREE
) ENGINE=InnoDB AUTO_INCREMENT=10 DEFAULT CHARSET=utf8mb4 COLLATE=utf8mb4_general_ci ROW_FORMAT=COMPACT;
/*!40101 SET character_set_client = @saved_cs_client */;

--
-- Dumping data for table `tb_voucher`
--

LOCK TABLES `tb_voucher` WRITE;
/*!40000 ALTER TABLE `tb_voucher` DISABLE KEYS */;
INSERT INTO `tb_voucher` VALUES (1,1,'50元代金券','周一至周日均可使用','全场通用\\n无需预约\\n可无限叠加\\不兑现、不找零\\n仅限堂食',4750,5000,0,1,'2022-01-04 01:42:39','2022-01-04 01:43:31');
/*!40000 ALTER TABLE `tb_voucher` ENABLE KEYS */;
UNLOCK TABLES;

--
-- Table structure for table `tb_voucher_order`
--

DROP TABLE IF EXISTS `tb_voucher_order`;
/*!40101 SET @saved_cs_client     = @@character_set_client */;
/*!50503 SET character_set_client = utf8mb4 */;
CREATE TABLE `tb_voucher_order` (
  `id` bigint NOT NULL COMMENT '主键',
  `user_id` bigint unsigned NOT NULL COMMENT '下单的用户id',
  `voucher_id` bigint unsigned NOT NULL COMMENT '购买的代金券id',
  `pay_type` tinyint unsigned NOT NULL DEFAULT '1' COMMENT '支付方式 1：余额支付；2：支付宝；3：微信',
  `status` tinyint unsigned NOT NULL DEFAULT '1' COMMENT '订单状态，1：未支付；2：已支付；3：已核销；4：已取消；5：退款中；6：已退款',
  `create_time` timestamp NOT NULL DEFAULT CURRENT_TIMESTAMP COMMENT '下单时间',
  `pay_time` timestamp NULL DEFAULT NULL COMMENT '支付时间',
  `use_time` timestamp NULL DEFAULT NULL COMMENT '核销时间',
  `refund_time` timestamp NULL DEFAULT NULL COMMENT '退款时间',
  `update_time` timestamp NOT NULL DEFAULT CURRENT_TIMESTAMP ON UPDATE CURRENT_TIMESTAMP COMMENT '更新时间',
  PRIMARY KEY (`id`) USING BTREE
) ENGINE=InnoDB DEFAULT CHARSET=utf8mb4 COLLATE=utf8mb4_general_ci ROW_FORMAT=COMPACT;
/*!40101 SET character_set_client = @saved_cs_client */;

--
-- Dumping data for table `tb_voucher_order`
--

LOCK TABLES `tb_voucher_order` WRITE;
/*!40000 ALTER TABLE `tb_voucher_order` DISABLE KEYS */;
/*!40000 ALTER TABLE `tb_voucher_order` ENABLE KEYS */;
UNLOCK TABLES;

--
-- Dumping routines for database 'campus'
--
/*!40103 SET TIME_ZONE=@OLD_TIME_ZONE */;

/*!40101 SET SQL_MODE=@OLD_SQL_MODE */;
/*!40014 SET FOREIGN_KEY_CHECKS=@OLD_FOREIGN_KEY_CHECKS */;
/*!40014 SET UNIQUE_CHECKS=@OLD_UNIQUE_CHECKS */;
/*!40101 SET CHARACTER_SET_CLIENT=@OLD_CHARACTER_SET_CLIENT */;
/*!40101 SET CHARACTER_SET_RESULTS=@OLD_CHARACTER_SET_RESULTS */;
/*!40101 SET COLLATION_CONNECTION=@OLD_COLLATION_CONNECTION */;
/*!40111 SET SQL_NOTES=@OLD_SQL_NOTES */;

-- Dump completed on 2026-04-22 19:39:29
